sl_no,charger_code,station_name,charger_model,area,source_page,raw_text,parse_status
1,BESCOR01,BESCOM Corporate Office,GB/TIECACCOMBO,Unknown,1,1 BESCOR01 BESCOM Corporate Office GB/TIECACCOMBO,parsed
2,BESKABLRAC00041,BESCOM Corporate Office,IECAC10KW,Unknown,1,2 BESKABLRAC00041 BESCOM Corporate Office IECAC10KW,parsed
3,BESCOR03,BESCOM Corporate Office,CCSCHADEMOCOMBO,Unknown,1,3 BESCOR03 BESCOM Corporate Office CCSCHADEMOCOMBO,parsed
4,BESBAN001,BESCOM Banaswadi,GB/TIECACCOMBO,Unknown,1,4 BESBAN001 BESCOM Banaswadi GB/TIECACCOMBO,parsed
5,BESIND02,BESCOM Indiranagar,CCSCHADEMOCOMBO,Indiranagar,1,5 BESIND02 BESCOM Indiranagar CCSCHADEMOCOMBO,parsed
6,BESIND01,BESCOM Indiranagar,GB/TIECACCOMBO,Indiranagar,1,6 BESIND01 BESCOM Indiranagar GB/TIECACCOMBO,parsed
7,BESHSR001,BESCOM HSR Layout,GB/TIECACCOMBO,HSR Layout,1,7 BESHSR001 BESCOM HSR Layout GB/TIECACCOMBO,parsed
8,BESHSR002,BESCOM HSR Layout,CCSCHADEMOCOMBO,HSR Layout,1,8 BESHSR002 BESCOM HSR Layout CCSCHADEMOCOMBO,parsed
9,BESBYA001,BESCOM Byatarayanapura,GB/TIECACCOMBO,Unknown,1,9 BESBYA001 BESCOM Byatarayanapura GB/TIECACCOMBO,parsed
10,BESBYA002,BESCOM Byatarayanapura,CCSCHADEMOCOMBO,Unknown,1,10 BESBYA002 BESCOM Byatarayanapura CCSCHADEMOCOMBO,parsed
11,BESBTM001,BESCOM BTM layout,GB/TIECACCOMBO,BTM Layout,1,11 BESBTM001 BESCOM BTM layout GB/TIECACCOMBO,parsed
12,BESBTM002,BESCOM BTM layout,CCSCHADEMOCOMBO,BTM Layout,1,12 BESBTM002 BESCOM BTM layout CCSCHADEMOCOMBO,parsed
13,BESBAN002,BESCOM Banaswadi,CCSCHADEMOCOMBO,Unknown,1,13 BESBAN002 BESCOM Banaswadi CCSCHADEMOCOMBO,parsed
14,BESCOR04,BESCOM Corporate Office,GB/TIECACCOMBO,Unknown,1,14 BESCOR04 BESCOM Corporate Office GB/TIECACCOMBO,parsed
15,BESCOR02,BESCOM Corporate Office,GB/TIECACCOMBO,Unknown,1,15 BESCOR02 BESCOM Corporate Office GB/TIECACCOMBO,parsed
16,BESYAL001,BESCOM Yalhanka,GB/TIECACCOMBO,Yelahanka,1,16 BESYAL001 BESCOM Yalhanka GB/TIECACCOMBO,parsed
17,BESYAL002,BESCOM Yalhanka,CCSCHADEMOCOMBO,Yelahanka,1,17 BESYAL002 BESCOM Yalhanka CCSCHADEMOCOMBO,parsed
18,BESPEE001,BESCOM Peenya,GB/TIECACCOMBO,Peenya,1,18 BESPEE001 BESCOM Peenya GB/TIECACCOMBO,parsed
19,BESPEE002,BESCOM Peenya,CCSCHADEMOCOMBO,Peenya,1,19 BESPEE002 BESCOM Peenya CCSCHADEMOCOMBO,parsed
20,BESMUR001,BESCOM Murugeshpalya,GB/TIECACCOMBO,Unknown,1,20 BESMUR001 BESCOM Murugeshpalya GB/TIECACCOMBO,parsed
21,BESMAT001,BESCOM Mathikere,GB/TIECACCOMBO,Unknown,1,21 BESMAT001 BESCOM Mathikere GB/TIECACCOMBO,parsed
22,BESMAH001,BESCOM Mahadevpura,GB/TIECACCOMBO,Mahadevpura,1,22 BESMAH001 BESCOM Mahadevpura GB/TIECACCOMBO,parsed
23,BESMAH002,BESCOM Mahadevpura,CCSCHADEMOCOMBO,Mahadevpura,1,23 BESMAH002 BESCOM Mahadevpura CCSCHADEMOCOMBO,parsed
24,BESKAT001,BESCOM Katriguppe,GB/TIECACCOMBO,Unknown,1,24 BESKAT001 BESCOM Katriguppe GB/TIECACCOMBO,parsed
25,BESKAT002,BESCOM Katriguppe,CCSCHADEMOCOMBO,Unknown,1,25 BESKAT002 BESCOM Katriguppe CCSCHADEMOCOMBO,parsed
26,BESMAT002,BESCOM Mathikere,CCSCHADEMOCOMBO,Unknown,1,26 BESMAT002 BESCOM Mathikere CCSCHADEMOCOMBO,parsed
27,BESMUR002,BESCOM Murugeshpalya,CCSCHADEMOCOMBO,Unknown,1,27 BESMUR002 BESCOM Murugeshpalya CCSCHADEMOCOMBO,parsed
28,BESKABLRAC00021,BESCOM HSR Layout,IECAC10KW,HSR Layout,1,28 BESKABLRAC00021 BESCOM HSR Layout IECAC10KW,parsed
29,BESKABLRAC00013,BESCOM Banaswadi,IECAC10KW,Unknown,1,29 BESKABLRAC00013 BESCOM Banaswadi IECAC10KW,parsed
30,BESKABLRAC00040,BBMP Horamavu Office,IECAC10KW,Unknown,1,30 BESKABLRAC00040 BBMP Horamavu Office IECAC10KW,parsed
31,BESKABLRAC00056,TTMC Yeshawanthapura,IECAC10KW,Unknown,1,31 BESKABLRAC00056 TTMC Yeshawanthapura IECAC10KW,parsed
32,BESKABLRAC00010,BESCOM Peenya,IECAC10KW,Peenya,1,32 BESKABLRAC00010 BESCOM Peenya IECAC10KW,parsed
33,BESKABLRAC00060,BESCOM - Peenya SRS O&M,IECAC10KW,Peenya,1,33 BESKABLRAC00060 BESCOM - Peenya SRS O&M IECAC10KW,parsed
34,BESKABLRAC00053,N9 - Soladevanahalli Bagalagunte O&M,IECAC10KW,Unknown,1,34 BESKABLRAC00053 N9 - Soladevanahalli Bagalagunte O&M IECAC10KW,parsed
35,BESKABLRAC00008,BESCOM Mahadevpura,IECAC10KW,Mahadevpura,1,35 BESKABLRAC00008 BESCOM Mahadevpura IECAC10KW,parsed
36,BESKABLRAC00035,BBMP Gottigere Ward 194 office,IECAC10KW,Unknown,1,36 BESKABLRAC00035 BBMP Gottigere Ward 194 office IECAC10KW,parsed
37,BESKABLRAC00011,BESCOM Mathikere,IECAC10KW,Unknown,2,37 BESKABLRAC00011 BESCOM Mathikere IECAC10KW,parsed
38,BESKABLRAC00030,RTO Kasthuri Nagar office,IECAC10KW,Unknown,2,38 BESKABLRAC00030 RTO Kasthuri Nagar office IECAC10KW,parsed
39,BESKABLRAC00031,RTO Kasthuri Nagar office,IECAC10KW,Unknown,2,39 BESKABLRAC00031 RTO Kasthuri Nagar office IECAC10KW,parsed
40,BESKABLRAC00097,RTO K R Puram Office,IECAC10KW,KR Puram,2,40 BESKABLRAC00097 RTO K R Puram Office IECAC10KW,parsed
41,BESKABLRAC00066,RTO Electronic City,IECAC10KW,Electronic City,2,41 BESKABLRAC00066 RTO Electronic City IECAC10KW,parsed
42,BESKABLRAC00065,RTO Electronic City,IECAC10KW,Electronic City,2,42 BESKABLRAC00065 RTO Electronic City IECAC10KW,parsed
43,BESKABLRAC00083,BESCOM - Kaggalipura SDO,IECAC10KW,Unknown,2,43 BESKABLRAC00083 BESCOM - Kaggalipura SDO IECAC10KW,parsed
44,BESKABLRAC00089,TTMC Vijayanagar,IECAC10KW,Jayanagar,2,44 BESKABLRAC00089 TTMC Vijayanagar IECAC10KW,parsed
45,BESKABLRAC00094,KSRTC Mysore Road Satellite,IECAC10KW,Unknown,2,45 BESKABLRAC00094 KSRTC Mysore Road Satellite IECAC10KW,parsed
46,BESKABLRAC00082,BESCOM - Kaggalipura SDO,IECAC10KW,Unknown,2,46 BESKABLRAC00082 BESCOM - Kaggalipura SDO IECAC10KW,parsed
47,BESKABLRAC00091,BDA Nagarabhavi,IECAC10KW,Unknown,2,47 BESKABLRAC00091 BDA Nagarabhavi IECAC10KW,parsed
48,BESKABLRAC00044,BBMP Mahadevapura Office,IECAC10KW,Mahadevpura,2,48 BESKABLRAC00044 BBMP Mahadevapura Office IECAC10KW,parsed
49,BESKABLRAC00052,BESCOM -Vidyaranyapura SDO,IECAC10KW,Unknown,2,49 BESKABLRAC00052 BESCOM -Vidyaranyapura SDO IECAC10KW,parsed
50,BESKABLRAC00075,BBMP Corporation office,IECAC10KW,Unknown,2,50 BESKABLRAC00075 BBMP Corporation office IECAC10KW,parsed
51,BESKABLRAC00077,TTMC Shantinagar,IECAC10KW,Unknown,2,51 BESKABLRAC00077 TTMC Shantinagar IECAC10KW,parsed
52,BESKABLRAC00076,TTMC Shantinagar,IECAC10KW,Unknown,2,52 BESKABLRAC00076 TTMC Shantinagar IECAC10KW,parsed
53,BESKABLRAC00063,Jigani KIADB,IECAC10KW,Unknown,2,53 BESKABLRAC00063 Jigani KIADB IECAC10KW,parsed
54,BESKABLRAC00026,BESCOM - Hosakote SDO,IECAC10KW,Unknown,2,54 BESKABLRAC00026 BESCOM - Hosakote SDO IECAC10KW,parsed
55,BESKABLRAC00064,BBMP Gottigere Ward 194 office,IECAC10KW,Unknown,2,55 BESKABLRAC00064 BBMP Gottigere Ward 194 office IECAC10KW,parsed
56,BESKABLRAC00098,RTO K R Puram Office,IECAC10KW,KR Puram,2,56 BESKABLRAC00098 RTO K R Puram Office IECAC10KW,parsed
57,BESKABLRAC00070,BBMP Jayanagar office,IECAC10KW,Jayanagar,2,57 BESKABLRAC00070 BBMP Jayanagar office IECAC10KW,parsed
58,BESKABLRAC00051,BESCOM Jalahalli SDO,IECAC10KW,Unknown,2,58 BESKABLRAC00051 BESCOM Jalahalli SDO IECAC10KW,parsed
59,BESKABLRAC00047,RTO Yelahanka,IECAC10KW,Yelahanka,2,59 BESKABLRAC00047 RTO Yelahanka IECAC10KW,parsed
60,BESKABLRAC00048,RTO Yelahanka,IECAC10KW,Yelahanka,2,60 BESKABLRAC00048 RTO Yelahanka IECAC10KW,parsed
61,BESKABLRAC00054,TTMC Yeshawanthapura,IECAC10KW,Unknown,2,61 BESKABLRAC00054 TTMC Yeshawanthapura IECAC10KW,parsed
62,BESKABLRAC00055,TTMC Yeshawanthapura,IECAC10KW,Unknown,2,62 BESKABLRAC00055 TTMC Yeshawanthapura IECAC10KW,parsed
63,BESKABLRAC00049,BBMP Shakara nagara Office,IECAC10KW,Unknown,2,63 BESKABLRAC00049 BBMP Shakara nagara Office IECAC10KW,parsed
64,BESKABLRAC00050,BBMP Shakara nagara Office,IECAC10KW,Unknown,2,64 BESKABLRAC00050 BBMP Shakara nagara Office IECAC10KW,parsed
65,BESKABLRAC00012,BESCOM Yalhanka,IECAC10KW,Yelahanka,2,65 BESKABLRAC00012 BESCOM Yalhanka IECAC10KW,parsed
66,BESKABLRAC00080,Kengeri TTMC,IECAC10KW,Kengeri,2,66 BESKABLRAC00080 Kengeri TTMC IECAC10KW,parsed
67,BESKABLRAC00081,Kengeri TTMC,IECAC10KW,Kengeri,2,67 BESKABLRAC00081 Kengeri TTMC IECAC10KW,parsed
68,BESKABLRAC00078,BESCOM ISRO Layout,IECAC10KW,Unknown,2,68 BESKABLRAC00078 BESCOM ISRO Layout IECAC10KW,parsed
69,BESKABLRAC00079,BDA Banashankari,IECAC10KW,Banashankari,2,69 BESKABLRAC00079 BDA Banashankari IECAC10KW,parsed
70,BESKABLRAC00088,TTMC Vijayanagar,IECAC10KW,Jayanagar,2,70 BESKABLRAC00088 TTMC Vijayanagar IECAC10KW,parsed
71,BESKABLRAC00023,BESCOM Chandapura SDO,IECAC10KW,Unknown,2,71 BESKABLRAC00023 BESCOM Chandapura SDO IECAC10KW,parsed
72,BESKABLRAC00024,BESCOM Chandapura SDO,IECAC10KW,Unknown,2,72 BESKABLRAC00024 BESCOM Chandapura SDO IECAC10KW,parsed
73,BESKABLRAC00009,BESCOM BTM layout,IECAC10KW,BTM Layout,2,73 BESKABLRAC00009 BESCOM BTM layout IECAC10KW,parsed
74,BESKABLRAC00067,BBMP Doddakanneli Office,IECAC10KW,Unknown,2,74 BESKABLRAC00067 BBMP Doddakanneli Office IECAC10KW,parsed
75,BESKABLRAC00059,KSRTC Peenya,IECAC10KW,Peenya,2,75 BESKABLRAC00059 KSRTC Peenya IECAC10KW,parsed
76,BESKABLRAC00029,BBMP Vignana Nagar,IECAC10KW,Unknown,3,76 BESKABLRAC00029 BBMP Vignana Nagar IECAC10KW,parsed
77,BESKABLRAC00018,BESCOM Tannery Road SDO,IECAC10KW,Unknown,3,77 BESKABLRAC00018 BESCOM Tannery Road SDO IECAC10KW,parsed
78,BESKABLRAC00001,BESCOM Lingarajapuram,IECAC10KW,Unknown,3,78 BESKABLRAC00001 BESCOM Lingarajapuram IECAC10KW,parsed
79,BESKABLRAC00033,TTMC Domlur,IECAC10KW,Unknown,3,79 BESKABLRAC00033 TTMC Domlur IECAC10KW,parsed
80,BESKABLRAC00034,TTMC Domlur,IECAC10KW,Unknown,3,80 BESKABLRAC00034 TTMC Domlur IECAC10KW,parsed
81,BESKABLRAC00002,BESCOM Indiranagar,IECAC10KW,Indiranagar,3,81 BESKABLRAC00002 BESCOM Indiranagar IECAC10KW,parsed
82,BESKABLRAC00003,BESCOM Murugeshpalya,IECAC10KW,Unknown,3,82 BESKABLRAC00003 BESCOM Murugeshpalya IECAC10KW,parsed
83,BESKABLRAC00014,BESCOM Papareddy Palya (O&M Office),IECAC10KW,Unknown,3,83 BESKABLRAC00014 BESCOM Papareddy Palya (O&M Office) IECAC10KW,parsed
84,BESKABLRAC00073,BBMP Corporation office,IECAC10KW,Unknown,3,84 BESKABLRAC00073 BBMP Corporation office IECAC10KW,parsed
85,BESKABLRAC00074,BBMP Corporation office,IECAC10KW,Unknown,3,85 BESKABLRAC00074 BBMP Corporation office IECAC10KW,parsed
86,BESKABLRAC00093,KSRTC Mysore Road Satellite,IECAC10KW,Unknown,3,86 BESKABLRAC00093 KSRTC Mysore Road Satellite IECAC10KW,parsed
87,BESKABLRAC00006,BESCOM Byatarayanapura,IECAC10KW,Unknown,3,87 BESKABLRAC00006 BESCOM Byatarayanapura IECAC10KW,parsed
88,BESKABLRAC00005,BESCOM Byatarayanapura,IECAC10KW,Unknown,3,88 BESKABLRAC00005 BESCOM Byatarayanapura IECAC10KW,parsed
89,BESKABLRAC00007,BESCOM -Mallathalli O&M,IECAC10KW,Unknown,3,89 BESKABLRAC00007 BESCOM -Mallathalli O&M IECAC10KW,parsed
90,BESKABLRAC00068,BBMP Doddakanneli Office,IECAC10KW,Unknown,3,90 BESKABLRAC00068 BBMP Doddakanneli Office IECAC10KW,parsed
91,BESKABLRAC00016,BESCOM Shankarapuram O&M Office (W2 SDO),IECAC10KW,Unknown,3,91 BESKABLRAC00016 BESCOM Shankarapuram O&M Office (W2 SDO) IECAC10KW,parsed
92,BESKABLRAC00062,Jigani KIADB,IECAC10KW,Unknown,3,92 BESKABLRAC00062 Jigani KIADB IECAC10KW,parsed
93,BESKABLRAC00084,BESCOM -RR Layout O&M,IECAC10KW,Unknown,3,93 BESKABLRAC00084 BESCOM -RR Layout O&M IECAC10KW,parsed
94,BESKABLRAC00015,BESCOM Avalahalli (W1 SDO),IECAC10KW,Unknown,3,94 BESKABLRAC00015 BESCOM Avalahalli (W1 SDO) IECAC10KW,parsed
95,BESKABLRAC00090,BESCOM WEST Circle Office,IECAC10KW,Unknown,3,95 BESKABLRAC00090 BESCOM WEST Circle Office IECAC10KW,parsed
96,BESKABLRAC00069,BBMP Vijaya Bank Bilekahalli,IECAC10KW,Unknown,3,96 BESKABLRAC00069 BBMP Vijaya Bank Bilekahalli IECAC10KW,parsed
97,BESKABLRAC00057,BESCOM - Hegganahalli O&M,IECAC10KW,Unknown,3,97 BESKABLRAC00057 BESCOM - Hegganahalli O&M IECAC10KW,parsed
98,BESKABLRAC00087,TTMC Vijayanagar,IECAC10KW,Jayanagar,3,98 BESKABLRAC00087 TTMC Vijayanagar IECAC10KW,parsed
99,BESKABLRAC00036,BBMP Gottigere Office Bannerughatta Main Rd,IECAC10KW,Unknown,3,99 BESKABLRAC00036 BBMP Gottigere Office Bannerughatta Main Rd IECAC10KW,parsed
100,BESKABLRAC00028,BBMP Vignana Nagar,IECAC10KW,Unknown,3,100 BESKABLRAC00028 BBMP Vignana Nagar IECAC10KW,parsed
101,BESKABLRAC00058,KSRTC Peenya,IECAC10KW,Peenya,3,101 BESKABLRAC00058 KSRTC Peenya IECAC10KW,parsed
102,BESKABLRAC00045,BBMP Whitefield Office,IECAC10KW,Whitefield,3,102 BESKABLRAC00045 BBMP Whitefield Office IECAC10KW,parsed
103,BESKABLRAC00092,BDA Nagarabhavi,IECAC10KW,Unknown,3,103 BESKABLRAC00092 BDA Nagarabhavi IECAC10KW,parsed
104,BESKABLRAC00071,JP Nagar BBMP Office,IECAC10KW,Unknown,3,104 BESKABLRAC00071 JP Nagar BBMP Office IECAC10KW,parsed
105,BESKABLRAC00017,BESCOM Kumbalagodu O&M,IECAC10KW,Unknown,3,105 BESKABLRAC00017 BESCOM Kumbalagodu O&M IECAC10KW,parsed
106,BESKABLRAC00046,BBMP KR Puram Office,IECAC10KW,KR Puram,3,106 BESKABLRAC00046 BBMP KR Puram Office IECAC10KW,parsed
107,BESKABLRAC00027,RTO Nelamangala,IECAC10KW,Unknown,3,107 BESKABLRAC00027 RTO Nelamangala IECAC10KW,parsed
108,BESKABLRAC00043,W4 Subdivision (KPTCL),IECAC10KW,Unknown,3,108 BESKABLRAC00043 W4 Subdivision (KPTCL) IECAC10KW,parsed
109,BESKABLRAC00042,W4 Subdivision (KPTCL),IECAC10KW,Unknown,3,109 BESKABLRAC00042 W4 Subdivision (KPTCL) IECAC10KW,parsed
110,BESKABLRAC00025,BESCOM Devanahalli SDO,IECAC10KW,Unknown,3,110 BESKABLRAC00025 BESCOM Devanahalli SDO IECAC10KW,parsed
111,BESKABLRAC00020,BESCOM W7 RR Nagara O&M No.20,IECAC10KW,Unknown,3,111 BESKABLRAC00020 BESCOM W7 RR Nagara O&M No.20 IECAC10KW,parsed
112,BESKABLRAC00038,BDA HBR Layout Complex,IECAC10KW,Unknown,3,112 BESKABLRAC00038 BDA HBR Layout Complex IECAC10KW,parsed
113,BESKABLRAC00039,BBMP Horamavu Office,IECAC10KW,Unknown,3,113 BESKABLRAC00039 BBMP Horamavu Office IECAC10KW,parsed
114,BESKABLRAC00022,BESCOM HSR Layout,IECAC10KW,HSR Layout,3,114 BESKABLRAC00022 BESCOM HSR Layout IECAC10KW,parsed
115,BESKABLRAC00019,BESCOM Nagawara Sub Division,IECAC10KW,Unknown,4,115 BESKABLRAC00019 BESCOM Nagawara Sub Division IECAC10KW,parsed
116,BESCOR05,BESCOM Corporate Office,EVRE-WX-3.3KW,Unknown,4,116 BESCOR05 BESCOM Corporate Office EVRE-WX-3.3KW,parsed
117,BESKABLRAC00032,BDA Domlur Complex,IECAC10KW,Unknown,4,117 BESKABLRAC00032 BDA Domlur Complex IECAC10KW,parsed
118,BESKABLRAC00037,Shivajinagar TTMC,IECAC10KW,Unknown,4,118 BESKABLRAC00037 Shivajinagar TTMC IECAC10KW,parsed
119,BESCOR06,BESCOM Corporate Office,PENTA IEC 3.3kW,Unknown,4,119 BESCOR06 BESCOM Corporate Office PENTA IEC 3.3kW,parsed
120,BESAC0522106,BESCOM S12 JP Nagar SDO,EVRE-WX-3.3KW,Unknown,4,120 BESAC0522106 BESCOM S12 JP Nagar SDO EVRE-WX-3.3KW,parsed
121,BESAC0522107,BESCOM S12 JP Nagar SDO,EVRE-WX-3.3KW,Unknown,4,121 BESAC0522107 BESCOM S12 JP Nagar SDO EVRE-WX-3.3KW,parsed
122,BESAC0522108,BESCOM Panduranganagar O&M,EVRE-WX-3.3KW,Unknown,4,122 BESAC0522108 BESCOM Panduranganagar O&M EVRE-WX-3.3KW,parsed
123,BESAC0522110,BESCOM S14 JP Nagar SDO,EVRE-WX-3.3KW,Unknown,4,123 BESAC0522110 BESCOM S14 JP Nagar SDO EVRE-WX-3.3KW,parsed
124,BESAC0522109,BESCOM S14 JP Nagar SDO,EVRE-WX-3.3KW,Unknown,4,124 BESAC0522109 BESCOM S14 JP Nagar SDO EVRE-WX-3.3KW,parsed
125,BESAC0522111,BESCOM S1 Jayanagar SDO,EVRE-WX-3.3KW,Jayanagar,4,125 BESAC0522111 BESCOM S1 Jayanagar SDO EVRE-WX-3.3KW,parsed
126,BESAC0522112,BESCOM Thalaghattapura O&M,EVRE-WX-3.3KW,Unknown,4,126 BESAC0522112 BESCOM Thalaghattapura O&M EVRE-WX-3.3KW,parsed
127,BESAC0522114,BESCOM KATRIGUPPE O&M OFFICE,EVRE-WX-3.3KW,Unknown,4,127 BESAC0522114 BESCOM KATRIGUPPE O&M OFFICE EVRE-WX-3.3KW,parsed
128,BESAC0522113,BESCOM JAYANAGARA DIVISION,EVRE-WX-3.3KW,Jayanagar,4,128 BESAC0522113 BESCOM JAYANAGARA DIVISION EVRE-WX-3.3KW,parsed
129,BESAC0522121,BESCOM JAYANAGARA DIVISION,EVRE-WX-3.3KW,Jayanagar,4,129 BESAC0522121 BESCOM JAYANAGARA DIVISION EVRE-WX-3.3KW,parsed
130,BESAC0522115,BESCOM- Chikkalasandra O&M,EVRE-WX-3.3KW,Unknown,4,130 BESAC0522115 BESCOM- Chikkalasandra O&M EVRE-WX-3.3KW,parsed
131,BESAC052200072,BESCOM C2 Malleshwaram SDO,PENTA IEC 3.3kW,Malleshwaram,4,131 BESAC052200072 BESCOM C2 Malleshwaram SDO PENTA IEC 3.3kW,parsed
132,BESAC052200071,BESCOM C2 Malleshwaram SDO,PENTA IEC 3.3kW,Malleshwaram,4,132 BESAC052200071 BESCOM C2 Malleshwaram SDO PENTA IEC 3.3kW,parsed
133,BESAC052200053,BESCOM KGF Division,PENTA IEC 3.3kW,Unknown,4,133 BESAC052200053 BESCOM KGF Division PENTA IEC 3.3kW,parsed
134,BESAC0522117,BESCOM HSR Layout,EVRE-WX-3.3KW,HSR Layout,4,134 BESAC0522117 BESCOM HSR Layout EVRE-WX-3.3KW,parsed
135,BESAC0522118,BESCOM HSR Layout,EVRE-WX-3.3KW,HSR Layout,4,135 BESAC0522118 BESCOM HSR Layout EVRE-WX-3.3KW,parsed
136,BESAC0522119,BESCOM ITI Layout O&M,EVRE-WX-3.3KW,Unknown,4,136 BESAC0522119 BESCOM ITI Layout O&M EVRE-WX-3.3KW,parsed
137,BESAC0522120,BESCOM S8 Bommanahalli SDO,EVRE-WX-3.3KW,Unknown,4,137 BESAC0522120 BESCOM S8 Bommanahalli SDO EVRE-WX-3.3KW,parsed
138,BESAC0522116,BESCOM Vasantapura O&M,EVRE-WX-3.3KW,Unknown,4,138 BESAC0522116 BESCOM Vasantapura O&M EVRE-WX-3.3KW,parsed
139,BESAC052200065,BESCOM C5 Kavalbairasandra SDO,PENTA IEC 3.3kW,Unknown,4,139 BESAC052200065 BESCOM C5 Kavalbairasandra SDO PENTA IEC 3.3kW,parsed
140,BESAC052200006,BESCOM Chintamani Rural SDO,PENTA IEC 3.3kW,Unknown,4,140 BESAC052200006 BESCOM Chintamani Rural SDO PENTA IEC 3.3kW,parsed
141,BESAC052200005,BESCOM Kaiwara Section,PENTA IEC 3.3kW,Unknown,4,141 BESAC052200005 BESCOM Kaiwara Section PENTA IEC 3.3kW,parsed
142,BESAC052200064,BESCOM C4 Hebbala SDO,PENTA IEC 3.3kW,Hebbal,4,142 BESAC052200064 BESCOM C4 Hebbala SDO PENTA IEC 3.3kW,parsed
143,BESAC052200027,BESCOM Sondekoppa section office,PENTA IEC 3.3kW,Unknown,4,143 BESAC052200027 BESCOM Sondekoppa section office PENTA IEC 3.3kW,parsed
144,BESAC052200011,BESCOM Attibele SDO,PENTA IEC 3.3kW,Unknown,4,144 BESAC052200011 BESCOM Attibele SDO PENTA IEC 3.3kW,parsed
145,BESAC052200010,BESCOM Sarjapura SDO,PENTA IEC 3.3kW,Sarjapur Road,4,145 BESAC052200010 BESCOM Sarjapura SDO PENTA IEC 3.3kW,parsed
146,BESAC052200056,BESCOM Masthi Section,PENTA IEC 3.3kW,Unknown,4,146 BESAC052200056 BESCOM Masthi Section PENTA IEC 3.3kW,parsed
147,BESAC052200009,BESCOM Jigani SDO,PENTA IEC 3.3kW,Unknown,4,147 BESAC052200009 BESCOM Jigani SDO PENTA IEC 3.3kW,parsed
148,BESAC052200061,BESCOM Yalhanka,PENTA IEC 3.3kW,Yelahanka,4,148 BESAC052200061 BESCOM Yalhanka PENTA IEC 3.3kW,parsed
149,BESAC052200025,BESCOM Thyamagondlu Section,PENTA IEC 3.3kW,Unknown,4,149 BESAC052200025 BESCOM Thyamagondlu Section PENTA IEC 3.3kW,parsed
150,BESAC052200074,BESCOM - Shettihalli O&M N5 - SRS Gate,PENTA IEC 3.3kW,Unknown,4,150 BESAC052200074 BESCOM - Shettihalli O&M N5 - SRS Gate PENTA IEC 3.3kW,parsed
151,BESAC052200055,BESCOM Malur SDO,PENTA IEC 3.3kW,Unknown,4,151 BESAC052200055 BESCOM Malur SDO PENTA IEC 3.3kW,parsed
152,BESAC052200034,BESCOM Indiranagar,PENTA IEC 3.3kW,Indiranagar,4,152 BESAC052200034 BESCOM Indiranagar PENTA IEC 3.3kW,parsed
153,BESAC052200093,BESCOM Chandapura SDO,PENTA IEC 3.3kW,Unknown,4,153 BESAC052200093 BESCOM Chandapura SDO PENTA IEC 3.3kW,parsed
154,BESAC052200029,BESCOM Doddaballapura Urban SDO,PENTA IEC 3.3kW,Unknown,5,154 BESAC052200029 BESCOM Doddaballapura Urban SDO PENTA IEC 3.3kW,parsed
155,BESAC052200059,BESCOM Kolar Urban SDO,PENTA IEC 3.3kW,Unknown,5,155 BESAC052200059 BESCOM Kolar Urban SDO PENTA IEC 3.3kW,parsed
156,BESAC052200075,BESCOM - Hegganahalli O&M,PENTA IEC 3.3kW,Unknown,5,156 BESAC052200075 BESCOM - Hegganahalli O&M PENTA IEC 3.3kW,parsed
157,BESAC052200085,BESCOM N7 Nandini Layout O&M,PENTA IEC 3.3kW,Unknown,5,157 BESAC052200085 BESCOM N7 Nandini Layout O&M PENTA IEC 3.3kW,parsed
158,BESAC052200086,BESCOM N7 Nandini Layout O&M,PENTA IEC 3.3kW,Unknown,5,158 BESAC052200086 BESCOM N7 Nandini Layout O&M PENTA IEC 3.3kW,parsed
159,BESAC052200091,BESCOM Anekal SDO,PENTA IEC 3.3kW,Unknown,5,159 BESAC052200091 BESCOM Anekal SDO PENTA IEC 3.3kW,parsed
160,BESAC052200042,BESCOM Nagawara Sub Division,PENTA IEC 3.3kW,Unknown,5,160 BESAC052200042 BESCOM Nagawara Sub Division PENTA IEC 3.3kW,parsed
161,BESAC052200041,BESCOM Nagawara Sub Division,PENTA IEC 3.3kW,Unknown,5,161 BESAC052200041 BESCOM Nagawara Sub Division PENTA IEC 3.3kW,parsed
162,BESAC052200020,BESCOM Sulibele Section,PENTA IEC 3.3kW,Unknown,5,162 BESAC052200020 BESCOM Sulibele Section PENTA IEC 3.3kW,parsed
163,BESAC052200087,BESCOM N9 Soladevahalli O&M,PENTA IEC 3.3kW,Unknown,5,163 BESAC052200087 BESCOM N9 Soladevahalli O&M PENTA IEC 3.3kW,parsed
164,BESAC052200084,BESCOM N9 Soladevahalli O&M,PENTA IEC 3.3kW,Unknown,5,164 BESAC052200084 BESCOM N9 Soladevahalli O&M PENTA IEC 3.3kW,parsed
165,BESAC0522122,BESCOM Rajajinagar Division,EVRE-WX-3.3KW,Rajajinagar,5,165 BESAC0522122 BESCOM Rajajinagar Division EVRE-WX-3.3KW,parsed
166,BESAC0522123,BESCOM Rajajinagar Division,EVRE-WX-3.3KW,Rajajinagar,5,166 BESAC0522123 BESCOM Rajajinagar Division EVRE-WX-3.3KW,parsed
167,BESAC052200016,BESCOM Nandagudi SDO,PENTA IEC 3.3kW,Unknown,5,167 BESAC052200016 BESCOM Nandagudi SDO PENTA IEC 3.3kW,parsed
168,BESAC052200043,BESCOM East Circle Office,PENTA IEC 3.3kW,Unknown,5,168 BESAC052200043 BESCOM East Circle Office PENTA IEC 3.3kW,parsed
169,BESAC052200033,BESCOM E6 Domlur O&M,PENTA IEC 3.3kW,Unknown,5,169 BESAC052200033 BESCOM E6 Domlur O&M PENTA IEC 3.3kW,parsed
170,BESAC052200004,BESCOM Jangamakote Section,PENTA IEC 3.3kW,Unknown,5,170 BESAC052200004 BESCOM Jangamakote Section PENTA IEC 3.3kW,parsed
171,BESAC052200038,BESCOM Lingarajapuram,PENTA IEC 3.3kW,Unknown,5,171 BESAC052200038 BESCOM Lingarajapuram PENTA IEC 3.3kW,parsed
172,BESAC052200019,BESCOM Bendiganahalli Section,PENTA IEC 3.3kW,Unknown,5,172 BESAC052200019 BESCOM Bendiganahalli Section PENTA IEC 3.3kW,parsed
173,BESAC052200052,BESCOM Sidlaghatta Urban SDO,PENTA IEC 3.3kW,Unknown,5,173 BESAC052200052 BESCOM Sidlaghatta Urban SDO PENTA IEC 3.3kW,parsed
174,BESAC052200003,BESCOM Sidlaghatta Urban O&M1,PENTA IEC 3.3kW,Unknown,5,174 BESAC052200003 BESCOM Sidlaghatta Urban O&M1 PENTA IEC 3.3kW,parsed
175,BESAC052200037,BESCOM E5 Cooke Town SDO,PENTA IEC 3.3kW,Unknown,5,175 BESAC052200037 BESCOM E5 Cooke Town SDO PENTA IEC 3.3kW,parsed
176,BESAC052200044,BESCOM East Circle Office,PENTA IEC 3.3kW,Unknown,5,176 BESAC052200044 BESCOM East Circle Office PENTA IEC 3.3kW,parsed
177,BESAC052200030,BESCOM Doddaballapura Section 1&2,PENTA IEC 3.3kW,Unknown,5,177 BESAC052200030 BESCOM Doddaballapura Section 1&2 PENTA IEC 3.3kW,parsed
178,BESAC0522124,BESCOM N1-Rajajinagara SDO,EVRE-WX-3.3KW,Rajajinagar,5,178 BESAC0522124 BESCOM N1-Rajajinagara SDO EVRE-WX-3.3KW,parsed
179,BESAC0522125,BESCOM N1-Rajajinagara SDO,EVRE-WX-3.3KW,Rajajinagar,5,179 BESAC0522125 BESCOM N1-Rajajinagara SDO EVRE-WX-3.3KW,parsed
180,BESAC052200081,BESCOM Mahadevpura,PENTA IEC 3.3kW,Mahadevpura,5,180 BESAC052200081 BESCOM Mahadevpura PENTA IEC 3.3kW,parsed
181,BESAC052200080,BESCOM W3 Goripalya O&M,PENTA IEC 3.3kW,Unknown,5,181 BESAC052200080 BESCOM W3 Goripalya O&M PENTA IEC 3.3kW,parsed
182,BESAC052200078,BESCOM Corporate Office,PENTA IEC 3.3kW,Unknown,5,182 BESAC052200078 BESCOM Corporate Office PENTA IEC 3.3kW,parsed
183,BESAC052200028,BESCOM Tubegere section office,PENTA IEC 3.3kW,Unknown,5,183 BESAC052200028 BESCOM Tubegere section office PENTA IEC 3.3kW,parsed
184,BESAC052200089,BESCOM Peenya Division,PENTA IEC 3.3kW,Peenya,5,184 BESAC052200089 BESCOM Peenya Division PENTA IEC 3.3kW,parsed
185,BESAC052200035,BESCOM E10 Benniganahalli SDO,PENTA IEC 3.3kW,Unknown,5,185 BESAC052200035 BESCOM E10 Benniganahalli SDO PENTA IEC 3.3kW,parsed
186,BESAC052200073,BESCOM Peenya,PENTA IEC 3.3kW,Peenya,5,186 BESAC052200073 BESCOM Peenya PENTA IEC 3.3kW,parsed
187,BESAC052200039,BESCOM Banaswadi,PENTA IEC 3.3kW,Unknown,5,187 BESAC052200039 BESCOM Banaswadi PENTA IEC 3.3kW,parsed
188,BESAC052200040,BESCOM E8 Hanumanthanagar O&M,PENTA IEC 3.3kW,Unknown,5,188 BESAC052200040 BESCOM E8 Hanumanthanagar O&M PENTA IEC 3.3kW,parsed
189,BESAC052200067,BESCOM C8 Jakkur O&M,PENTA IEC 3.3kW,Unknown,5,189 BESAC052200067 BESCOM C8 Jakkur O&M PENTA IEC 3.3kW,parsed
190,BESAC052200083,BESCOM E7 KRPura SDO,PENTA IEC 3.3kW,Unknown,5,190 BESAC052200083 BESCOM E7 KRPura SDO PENTA IEC 3.3kW,parsed
191,BESAC052200045,BESCOM Tannery Road SDO,PENTA IEC 3.3kW,Unknown,5,191 BESAC052200045 BESCOM Tannery Road SDO PENTA IEC 3.3kW,parsed
192,BESAC052200018,BESCOM Hosakote Division,PENTA IEC 3.3kW,Unknown,5,192 BESAC052200018 BESCOM Hosakote Division PENTA IEC 3.3kW,parsed
193,BESAC052200077,BESCOM E2 Tasker Town O&M,PENTA IEC 3.3kW,Unknown,6,193 BESAC052200077 BESCOM E2 Tasker Town O&M PENTA IEC 3.3kW,parsed
194,BESAC052200076,BESCOM E2 Tasker Town O&M,PENTA IEC 3.3kW,Unknown,6,194 BESAC052200076 BESCOM E2 Tasker Town O&M PENTA IEC 3.3kW,parsed
195,BESAC0522143,BESCOM N10 Moodalapalya SDO,EVRE-WX-3.3KW,Unknown,6,195 BESAC0522143 BESCOM N10 Moodalapalya SDO EVRE-WX-3.3KW,parsed
196,BESAC0522144,BESCOM N10 Moodalapalya SDO,EVRE-WX-3.3KW,Unknown,6,196 BESAC0522144 BESCOM N10 Moodalapalya SDO EVRE-WX-3.3KW,parsed
197,BESAC052200070,BESCOM Mathikere,PENTA IEC 3.3kW,Unknown,6,197 BESAC052200070 BESCOM Mathikere PENTA IEC 3.3kW,parsed
198,BESAC052200058,BESCOM Kolar Rural SDO,PENTA IEC 3.3kW,Unknown,6,198 BESAC052200058 BESCOM Kolar Rural SDO PENTA IEC 3.3kW,parsed
199,BESAC0522138,BESCOM N8 Mallathahalli SDO,EVRE-WX-3.3KW,Unknown,6,199 BESAC0522138 BESCOM N8 Mallathahalli SDO EVRE-WX-3.3KW,parsed
200,BESAC0522137,BESCOM N8 Mallathahalli SDO,EVRE-WX-3.3KW,Unknown,7,200 BESAC0522137 BESCOM N8 Mallathahalli SDO EVRE-WX-3.3KW,parsed
201,BESAC052200008,BESCOM KGF LM Quarters,PENTA IEC 3.3kW,Unknown,7,201 BESAC052200008 BESCOM KGF LM Quarters PENTA IEC 3.3kW,parsed
202,BESAC052200046,BESCOM Gowribidanur SDO,PENTA IEC 3.3kW,Unknown,7,202 BESAC052200046 BESCOM Gowribidanur SDO PENTA IEC 3.3kW,parsed
203,BESAC052200036,BESCOM E11 Ramamurthy Nagar SDO,PENTA IEC 3.3kW,Unknown,7,203 BESAC052200036 BESCOM E11 Ramamurthy Nagar SDO PENTA IEC 3.3kW,parsed
204,BESAC052200047,BESCOM Bagepally SDO,PENTA IEC 3.3kW,Unknown,7,204 BESAC052200047 BESCOM Bagepally SDO PENTA IEC 3.3kW,parsed
205,BESAC052200094,BESCOM Jigani Section (KIADB),PENTA IEC 3.3kW,Unknown,7,205 BESAC052200094 BESCOM Jigani Section (KIADB) PENTA IEC 3.3kW,parsed
206,BESAC052200082,BESCOM E4 Whitefield O&M,PENTA IEC 3.3kW,Whitefield,7,206 BESAC052200082 BESCOM E4 Whitefield O&M PENTA IEC 3.3kW,parsed
207,BESAC0522148,BESCOM Byatarayanapura,EVRE-WX-3.3KW,Unknown,7,207 BESAC0522148 BESCOM Byatarayanapura EVRE-WX-3.3KW,parsed
208,BESAC0522149,BESCOM Byatarayanapura,EVRE-WX-3.3KW,Unknown,7,208 BESAC0522149 BESCOM Byatarayanapura EVRE-WX-3.3KW,parsed
209,BESAC0522134,BESCOM Kumbalagodu O&M,EVRE-WX-3.3KW,Unknown,7,209 BESAC0522134 BESCOM Kumbalagodu O&M EVRE-WX-3.3KW,parsed
210,BESAC052200103,BESCOM Bidadi SDO,PENTA IEC 3.3kW,Unknown,7,210 BESAC052200103 BESCOM Bidadi SDO PENTA IEC 3.3kW,parsed
211,BESAC0522150,BESCOM W7 RR Nagara O&M No.20,EVRE-WX-3.3KW,Unknown,7,211 BESAC0522150 BESCOM W7 RR Nagara O&M No.20 EVRE-WX-3.3KW,parsed
212,BESAC0522127,BESCOM Archakara Layout O&M,EVRE-WX-3.3KW,Unknown,7,212 BESAC0522127 BESCOM Archakara Layout O&M EVRE-WX-3.3KW,parsed
213,BESAC0522126,BESCOM Archakara Layout O&M,EVRE-WX-3.3KW,Unknown,7,213 BESAC0522126 BESCOM Archakara Layout O&M EVRE-WX-3.3KW,parsed
214,BESAC052200088,BESCOM - Peenya SRS O&M,PENTA IEC 3.3kW,Peenya,7,214 BESAC052200088 BESCOM - Peenya SRS O&M PENTA IEC 3.3kW,parsed
215,BESAC052200101,BESCOM Ramanagara Division,PENTA IEC 3.3kW,Unknown,7,215 BESAC052200101 BESCOM Ramanagara Division PENTA IEC 3.3kW,parsed
216,BESAC052200100,BESCOM Kudur SDO,PENTA IEC 3.3kW,Unknown,7,216 BESAC052200100 BESCOM Kudur SDO PENTA IEC 3.3kW,parsed
217,BESAC0522153,BESCOM -RR Layout O&M,EVRE-WX-3.3KW,Unknown,7,217 BESAC0522153 BESCOM -RR Layout O&M EVRE-WX-3.3KW,parsed
218,BESAC0522152,BESCOM -RR Layout O&M,EVRE-WX-3.3KW,Unknown,7,218 BESAC0522152 BESCOM -RR Layout O&M EVRE-WX-3.3KW,parsed
219,BESAC0522151,BESCOM Papareddy Palya (O&M Office),EVRE-WX-3.3KW,Unknown,7,219 BESAC0522151 BESCOM Papareddy Palya (O&M Office) EVRE-WX-3.3KW,parsed
220,BESAC0522128,BESCOM WEST Circle Office,EVRE-WX-3.3KW,Unknown,7,220 BESAC0522128 BESCOM WEST Circle Office EVRE-WX-3.3KW,parsed
221,BESAC0522135,BESCOM N2 KHB COLONY SDO,EVRE-WX-3.3KW,Unknown,7,221 BESAC0522135 BESCOM N2 KHB COLONY SDO EVRE-WX-3.3KW,parsed
222,BESAC0522136,BESCOM N2 KHB COLONY SDO,EVRE-WX-3.3KW,Unknown,7,222 BESAC0522136 BESCOM N2 KHB COLONY SDO EVRE-WX-3.3KW,parsed
223,BESAC0522141,BESCOM - Kaggalipura SDO,EVRE-WX-3.3KW,Unknown,7,223 BESAC0522141 BESCOM - Kaggalipura SDO EVRE-WX-3.3KW,parsed
224,BESAC0522142,BESCOM - Kaggalipura SDO,EVRE-WX-3.3KW,Unknown,7,224 BESAC0522142 BESCOM - Kaggalipura SDO EVRE-WX-3.3KW,parsed
225,BESAC0522147,BESCOM W2 Chamarajpet SDO,EVRE-WX-3.3KW,Unknown,7,225 BESAC0522147 BESCOM W2 Chamarajpet SDO EVRE-WX-3.3KW,parsed
226,BESAC052200068,BESCOM -Vidyaranyapura SDO,PENTA IEC 3.3kW,Unknown,7,226 BESAC052200068 BESCOM -Vidyaranyapura SDO PENTA IEC 3.3kW,parsed
227,BESAC052200092,BESCOM Bannerughatta Section,PENTA IEC 3.3kW,Unknown,7,227 BESAC052200092 BESCOM Bannerughatta Section PENTA IEC 3.3kW,parsed
228,BESAC052200001,BESCOM Kannamangala Section,PENTA IEC 3.3kW,Unknown,7,228 BESAC052200001 BESCOM Kannamangala Section PENTA IEC 3.3kW,parsed
229,BESAC052200023,BESCOM Nelamangala SDO,PENTA IEC 3.3kW,Unknown,7,229 BESAC052200023 BESCOM Nelamangala SDO PENTA IEC 3.3kW,parsed
230,BESAC052200012,BESCOM Kodihalli Section,PENTA IEC 3.3kW,Unknown,7,230 BESAC052200012 BESCOM Kodihalli Section PENTA IEC 3.3kW,parsed
231,BESAC052200048,BESCOM Gudibande SDO,PENTA IEC 3.3kW,Unknown,7,231 BESAC052200048 BESCOM Gudibande SDO PENTA IEC 3.3kW,parsed
232,BESAC052200095,BESCOM Kanakapura Division office,PENTA IEC 3.3kW,Unknown,7,232 BESAC052200095 BESCOM Kanakapura Division office PENTA IEC 3.3kW,parsed
233,BESAC052200051,BESCOM Chintamani Urban SDO,PENTA IEC 3.3kW,Unknown,7,233 BESAC052200051 BESCOM Chintamani Urban SDO PENTA IEC 3.3kW,parsed
234,BESAC052200069,BESCOM Jalahalli SDO,PENTA IEC 3.3kW,Unknown,7,234 BESAC052200069 BESCOM Jalahalli SDO PENTA IEC 3.3kW,parsed
235,BESAC052200060,BESCOM Srinivasapura SDO,PENTA IEC 3.3kW,Unknown,7,235 BESAC052200060 BESCOM Srinivasapura SDO PENTA IEC 3.3kW,parsed
236,BESAC052200054,BESCOM Bangarpet SDO,PENTA IEC 3.3kW,Unknown,7,236 BESAC052200054 BESCOM Bangarpet SDO PENTA IEC 3.3kW,parsed
237,BESAC052200057,BESCOM Mulabagal SDO,PENTA IEC 3.3kW,Unknown,7,237 BESAC052200057 BESCOM Mulabagal SDO PENTA IEC 3.3kW,parsed
238,BESAC052200050,BESCOM Chikkaballapura Division,PENTA IEC 3.3kW,Unknown,7,238 BESAC052200050 BESCOM Chikkaballapura Division PENTA IEC 3.3kW,parsed
239,BESAC052200002,BESCOM CBPura Rural SDO,PENTA IEC 3.3kW,Unknown,8,239 BESAC052200002 BESCOM CBPura Rural SDO PENTA IEC 3.3kW,parsed
240,BESAC052200017,BESCOM Avati Section,PENTA IEC 3.3kW,Unknown,8,240 BESAC052200017 BESCOM Avati Section PENTA IEC 3.3kW,parsed
241,BESAC052200014,BESCOM Bannikuppe Section,PENTA IEC 3.3kW,Unknown,8,241 BESAC052200014 BESCOM Bannikuppe Section PENTA IEC 3.3kW,parsed
242,BESAC052200007,BESCOM Chikka Tirupati LM Quarters,PENTA IEC 3.3kW,Unknown,8,242 BESAC052200007 BESCOM Chikka Tirupati LM Quarters PENTA IEC 3.3kW,parsed
243,BESAC052200013,BESCOM BESCOM Training Institute,PENTA IEC 3.3kW,Unknown,8,243 BESAC052200013 BESCOM BESCOM Training Institute PENTA IEC 3.3kW,parsed
244,BESAC052200097,BESCOM Harohalli Section,PENTA IEC 3.3kW,Unknown,8,244 BESAC052200097 BESCOM Harohalli Section PENTA IEC 3.3kW,parsed
245,BESAC052200096,BESCOM Maralawadi Section,PENTA IEC 3.3kW,Unknown,8,245 BESAC052200096 BESCOM Maralawadi Section PENTA IEC 3.3kW,parsed
246,BESAC052200104,BESCOM Channapatna Urban Section 2,PENTA IEC 3.3kW,Unknown,8,246 BESAC052200104 BESCOM Channapatna Urban Section 2 PENTA IEC 3.3kW,parsed
247,BESAC052200015,BESCOM Honganuru Section,PENTA IEC 3.3kW,Unknown,8,247 BESAC052200015 BESCOM Honganuru Section PENTA IEC 3.3kW,parsed
248,BESAC052200102,BESCOM Channapatna Urban SDO,PENTA IEC 3.3kW,Unknown,8,248 BESAC052200102 BESCOM Channapatna Urban SDO PENTA IEC 3.3kW,parsed
249,BESAC052200099,BESCOM Tavarekere SDO,PENTA IEC 3.3kW,Unknown,8,249 BESAC052200099 BESCOM Tavarekere SDO PENTA IEC 3.3kW,parsed
250,BESAC052200066,BESCOM C7 Rajanukunte O&M,PENTA IEC 3.3kW,Unknown,8,250 BESAC052200066 BESCOM C7 Rajanukunte O&M PENTA IEC 3.3kW,parsed
251,BESAC052200098,BESCOM Magadi Division,PENTA IEC 3.3kW,Unknown,8,251 BESAC052200098 BESCOM Magadi Division PENTA IEC 3.3kW,parsed
252,BESAC052200032,BESCOM E3 MG Road SDO,PENTA IEC 3.3kW,MG Road,8,252 BESAC052200032 BESCOM E3 MG Road SDO PENTA IEC 3.3kW,parsed
253,BESAC052200031,BESCOM E3 MG Road SDO,PENTA IEC 3.3kW,MG Road,8,253 BESAC052200031 BESCOM E3 MG Road SDO PENTA IEC 3.3kW,parsed
254,BESAC052200062,BESCOM Yalhanka,PENTA IEC 3.3kW,Yelahanka,8,254 BESAC052200062 BESCOM Yalhanka PENTA IEC 3.3kW,parsed
255,BESAC052200090,BESCOM Peenya Division,PENTA IEC 3.3kW,Peenya,8,255 BESAC052200090 BESCOM Peenya Division PENTA IEC 3.3kW,parsed
256,BESAC052200079,BESCOM Corporate Office,PENTA IEC 3.3kW,Unknown,8,256 BESAC052200079 BESCOM Corporate Office PENTA IEC 3.3kW,parsed
257,BESAC052200063,BESCOM C8 Sahakarnagar O&M,PENTA IEC 3.3kW,Unknown,8,257 BESAC052200063 BESCOM C8 Sahakarnagar O&M PENTA IEC 3.3kW,parsed
258,BESAC052200022,BESCOM Budhigere Section,PENTA IEC 3.3kW,Unknown,8,258 BESAC052200022 BESCOM Budhigere Section PENTA IEC 3.3kW,parsed
259,BESAC052200026,BESCOM Kanaswadi section office,PENTA IEC 3.3kW,Unknown,8,259 BESAC052200026 BESCOM Kanaswadi section office PENTA IEC 3.3kW,parsed
260,BESAC052200021,BESCOM Devanahalli SDO,PENTA IEC 3.3kW,Unknown,8,260 BESAC052200021 BESCOM Devanahalli SDO PENTA IEC 3.3kW,parsed
261,BESAC052200024,BESCOM Doddaballapura Rural SDO,PENTA IEC 3.3kW,Unknown,8,261 BESAC052200024 BESCOM Doddaballapura Rural SDO PENTA IEC 3.3kW,parsed
262,BESAC052200105,BESCOM BESCOM Training Institute,PENTA IEC 3.3kW,Unknown,8,262 BESAC052200105 BESCOM BESCOM Training Institute PENTA IEC 3.3kW,parsed
263,BESAC0722154,"BESCOM TUMKUR CSD-2, OFFICE",EVRE-WX-3.3KW,Unknown,8,"263 BESAC0722154 BESCOM TUMKUR CSD-2, OFFICE EVRE-WX-3.3KW",parsed
264,BESAC0722156,BESCOM Kyathsandra SDO,EVRE-WX-3.3KW,Unknown,8,264 BESAC0722156 BESCOM Kyathsandra SDO EVRE-WX-3.3KW,parsed
265,BESAC0722160,BESCOM Channagiri O&M,EVRE-WX-3.3KW,Unknown,8,265 BESAC0722160 BESCOM Channagiri O&M EVRE-WX-3.3KW,parsed
266,BESAC0722162,BESCOM Pavagada SDO,EVRE-WX-3.3KW,Unknown,8,266 BESAC0722162 BESCOM Pavagada SDO EVRE-WX-3.3KW,parsed
267,BESAC0722164,BESCOM Madhugiri Division,EVRE-WX-3.3KW,Unknown,8,267 BESAC0722164 BESCOM Madhugiri Division EVRE-WX-3.3KW,parsed
268,BESAC0722159,BESCOM Yadiyur SDO,EVRE-WX-3.3KW,Unknown,8,268 BESAC0722159 BESCOM Yadiyur SDO EVRE-WX-3.3KW,parsed
269,BESAC0722166,BESCOM Hiriyuru O&M,EVRE-WX-3.3KW,Unknown,8,269 BESAC0722166 BESCOM Hiriyuru O&M EVRE-WX-3.3KW,parsed
270,BESAC0722170,BESCOM Sira RSD,EVRE-WX-3.3KW,Unknown,8,270 BESAC0722170 BESCOM Sira RSD EVRE-WX-3.3KW,parsed
271,BESAC0722168,BESCOM Nyamathi SDO,EVRE-WX-3.3KW,Unknown,8,271 BESAC0722168 BESCOM Nyamathi SDO EVRE-WX-3.3KW,parsed
272,BESAC0722171,BESCOM Koratagere SDO,EVRE-WX-3.3KW,Unknown,8,272 BESAC0722171 BESCOM Koratagere SDO EVRE-WX-3.3KW,parsed
273,BESAC0722163,BESCOM Kodigenahalli SDO,EVRE-WX-3.3KW,Unknown,8,273 BESAC0722163 BESCOM Kodigenahalli SDO EVRE-WX-3.3KW,parsed
274,BESAC0722173,BESCOM Harapanahalli SDO,EVRE-WX-3.3KW,Unknown,9,274 BESAC0722173 BESCOM Harapanahalli SDO EVRE-WX-3.3KW,parsed
275,BESAC0722155,BESCOM Davanagere SDO,EVRE-WX-3.3KW,Unknown,9,275 BESAC0722155 BESCOM Davanagere SDO EVRE-WX-3.3KW,parsed
276,BESAC0722175,BESCOM Harihara SDO,EVRE-WX-3.3KW,Unknown,9,276 BESAC0722175 BESCOM Harihara SDO EVRE-WX-3.3KW,parsed
277,BESAC0722176,BESCOM Jagaluru SDO,EVRE-WX-3.3KW,Unknown,9,277 BESAC0722176 BESCOM Jagaluru SDO EVRE-WX-3.3KW,parsed
278,BESAC0722177,BESCOM Tumkur RSD,EVRE-WX-3.3KW,Unknown,9,278 BESAC0722177 BESCOM Tumkur RSD EVRE-WX-3.3KW,parsed
279,BESAC0722172,BESCOM Davangere Circle,EVRE-WX-3.3KW,Unknown,9,279 BESAC0722172 BESCOM Davangere Circle EVRE-WX-3.3KW,parsed
280,BESAC0722157,BESCOM Tumkur Division,EVRE-WX-3.3KW,Unknown,9,280 BESAC0722157 BESCOM Tumkur Division EVRE-WX-3.3KW,parsed
281,BESAC0722161,BESCOM Kunigal Division,EVRE-WX-3.3KW,Unknown,9,281 BESAC0722161 BESCOM Kunigal Division EVRE-WX-3.3KW,parsed
282,BESAC0722158,BESCOM Huliyurdurga SDO,EVRE-WX-3.3KW,Unknown,9,282 BESAC0722158 BESCOM Huliyurdurga SDO EVRE-WX-3.3KW,parsed
283,BESAC0522129,BESCOM Avalahalli (W1 SDO),EVRE-WX-3.3KW,Unknown,9,283 BESAC0522129 BESCOM Avalahalli (W1 SDO) EVRE-WX-3.3KW,parsed
284,BESAC0722183,"BESCOM Srirampura O&M, Dvg",EVRE-WX-3.3KW,Unknown,9,"284 BESAC0722183 BESCOM Srirampura O&M, Dvg EVRE-WX-3.3KW",parsed
285,BESAC0722181,BESCOM Hollakere SDO,EVRE-WX-3.3KW,Unknown,9,285 BESAC0722181 BESCOM Hollakere SDO EVRE-WX-3.3KW,parsed
286,BESAC0722179,BESCOM Challkere SDO,EVRE-WX-3.3KW,Unknown,9,286 BESAC0722179 BESCOM Challkere SDO EVRE-WX-3.3KW,parsed
287,BESAC0722178,BESCOM Molakalmuru SDO,EVRE-WX-3.3KW,Unknown,9,287 BESAC0722178 BESCOM Molakalmuru SDO EVRE-WX-3.3KW,parsed
288,BESAC0722169,BESCOM Turuvekere SDO,EVRE-WX-3.3KW,Unknown,9,288 BESAC0722169 BESCOM Turuvekere SDO EVRE-WX-3.3KW,parsed
289,BESAC0722167,BESCOM Tiptur Division,EVRE-WX-3.3KW,Unknown,9,289 BESAC0722167 BESCOM Tiptur Division EVRE-WX-3.3KW,parsed
290,BESKABLRAC00004,BESCOM Katriguppe,IECAC10KW,Unknown,9,290 BESKABLRAC00004 BESCOM Katriguppe IECAC10KW,parsed
291,BESKABLRAC00101,BESCOM Shettihalli O&M,IECAC10KW,Unknown,9,291 BESKABLRAC00101 BESCOM Shettihalli O&M IECAC10KW,parsed
292,BESKABLRAC00072,BESCOM Chikkalasandra O&M,IECAC10KW,Unknown,9,292 BESKABLRAC00072 BESCOM Chikkalasandra O&M IECAC10KW,parsed
293,BESKABLRAC00086,RTO Jnanabharti,IECAC10KW,Unknown,9,293 BESKABLRAC00086 RTO Jnanabharti IECAC10KW,parsed
294,BESKABLRAC00085,RTO Jnanabharti,IECAC10KW,Unknown,9,294 BESKABLRAC00085 RTO Jnanabharti IECAC10KW,parsed
295,BESAC0522139,BESCOM N8 Mallathahalli SDO,EVRE-WX-3.3KW,Unknown,9,295 BESAC0522139 BESCOM N8 Mallathahalli SDO EVRE-WX-3.3KW,parsed
296,BESAC0522140,BESCOM N8 Mallathahalli SDO,EVRE-WX-3.3KW,Unknown,9,296 BESAC0522140 BESCOM N8 Mallathahalli SDO EVRE-WX-3.3KW,parsed
297,BESAC0522145,BESCOM Herohalli O&M,EVRE-WX-3.3KW,Unknown,9,297 BESAC0522145 BESCOM Herohalli O&M EVRE-WX-3.3KW,parsed
298,BESAC0522146,BESCOM Herohalli O&M,EVRE-WX-3.3KW,Unknown,9,298 BESAC0522146 BESCOM Herohalli O&M EVRE-WX-3.3KW,parsed
299,BESACO522132,BESCOM Murugeshpalya,EVRE-WX-3.3KW,Unknown,9,299 BESACO522132 BESCOM Murugeshpalya EVRE-WX-3.3KW,parsed
300,BESACO522130,BESCOM HAL O&M,EVRE-WX-3.3KW,Unknown,9,300 BESACO522130 BESCOM HAL O&M EVRE-WX-3.3KW,parsed
301,BESACO522131,BESCOM Avalahalli (W1 SDO),EVRE-WX-3.3KW,Unknown,9,301 BESACO522131 BESCOM Avalahalli (W1 SDO) EVRE-WX-3.3KW,parsed
302,BESACO522133,BESCOM Kundalahalli O&M,EVRE-WX-3.3KW,Unknown,9,302 BESACO522133 BESCOM Kundalahalli O&M EVRE-WX-3.3KW,parsed
303,BESAC1222004,BESCOM HSR Division Office E-FILL_Smart Plug V1,,HSR Layout,9,303 BESAC1222004 BESCOM HSR Division Office E-FILL_Smart Plug V1,partial
304,BESAC1222005,BESCOM HSR Division Office E-FILL_Smart Plug V1,,HSR Layout,9,304 BESAC1222005 BESCOM HSR Division Office E-FILL_Smart Plug V1,partial
305,BESAC1222006,BESCOM HSR Division Office E-FILL_Smart Plug V1,,HSR Layout,9,305 BESAC1222006 BESCOM HSR Division Office E-FILL_Smart Plug V1,partial
306,BESAC1222013,BESCOM S-13 SDO (AECS Layout Singasandra) E-FILL_Smart Plug V1,,Unknown,9,306 BESAC1222013 BESCOM S-13 SDO (AECS Layout Singasandra) E-FILL_Smart Plug V1,partial
307,BESAC0722182,BESCOM Hosadurga SDO,EVRE-WX-3.3KW,Unknown,9,307 BESAC0722182 BESCOM Hosadurga SDO EVRE-WX-3.3KW,parsed
308,BESAC0722180,BESCOM Chitradurga Division,EVRE-WX-3.3KW,Unknown,9,308 BESAC0722180 BESCOM Chitradurga Division EVRE-WX-3.3KW,parsed
309,BESAC0722165,BESCOM Honnali SDO,EVRE-WX-3.3KW,Unknown,9,309 BESAC0722165 BESCOM Honnali SDO EVRE-WX-3.3KW,parsed
310,BESAC0722174,BESCOM Gubbi SDO,EVRE-WX-3.3KW,Unknown,9,310 BESAC0722174 BESCOM Gubbi SDO EVRE-WX-3.3KW,parsed
