zone_id,zone_name,hour,time_period,is_peak_hour,zone_type,ev_count_estimate,traffic_score,existing_chargers,demand_growth_rate,transformer_capacity_kw,base_grid_load_kw,predicted_ev_load_kw,total_load_kw,load_ratio_after_ev,risk_level,day_type,is_weekend,weather_condition,temperature_c,traffic_score_hourly,charger_utilization_proxy,final_model_predicted_ev_load_kw,final_model_total_load_kw,final_model_load_ratio,final_model_risk_level
Z001,Whitefield,0,Night,False,mixed,4770,90,2,0.324,1307,618.08,224.43,842.51,0.645,Low,Weekday,False,Clear,28.0,90,0.341,397.92,1016.0,0.777,Medium
Z001,Whitefield,1,Night,False,mixed,4770,90,2,0.324,1307,606.32,187.18,793.49,0.607,Low,Weekday,False,Clear,28.0,90,0.341,397.92,1004.24,0.768,Medium
Z001,Whitefield,2,Night,False,mixed,4770,90,2,0.324,1307,616.11,240.95,857.06,0.656,Low,Weekday,False,Clear,28.0,90,0.341,397.92,1014.03,0.776,Medium
Z001,Whitefield,3,Night,False,mixed,4770,90,2,0.324,1307,568.38,218.36,786.74,0.602,Low,Weekday,False,Clear,28.0,90,0.341,397.92,966.3,0.739,Low
Z001,Whitefield,4,Night,False,mixed,4770,90,2,0.324,1307,598.1,255.2,853.3,0.653,Low,Weekday,False,Clear,28.0,90,0.341,397.92,996.02,0.762,Medium
Z001,Whitefield,5,Night,False,mixed,4770,90,2,0.324,1307,534.1,214.68,748.78,0.573,Low,Weekday,False,Clear,28.0,90,0.341,397.92,932.02,0.713,Low
Z001,Whitefield,6,Morning,False,mixed,4770,90,2,0.324,1307,779.92,396.15,1176.07,0.9,Medium,Weekday,False,Clear,28.0,90,0.341,385.8,1165.72,0.892,Medium
Z001,Whitefield,7,Morning,False,mixed,4770,90,2,0.324,1307,707.26,442.19,1149.45,0.879,Medium,Weekday,False,Clear,28.0,90,0.341,384.82,1092.08,0.836,Medium
Z001,Whitefield,8,Morning,False,mixed,4770,90,2,0.324,1307,772.36,333.68,1106.04,0.846,Medium,Weekday,False,Clear,28.0,90,0.341,380.58,1152.94,0.882,Medium
Z001,Whitefield,9,Morning,False,mixed,4770,90,2,0.324,1307,659.53,338.39,997.92,0.764,Medium,Weekday,False,Clear,28.0,90,0.341,371.15,1030.68,0.789,Medium
Z001,Whitefield,10,Day,False,mixed,4770,90,2,0.324,1307,805.6,553.77,1359.36,1.04,Critical,Weekday,False,Clear,28.0,90,0.341,512.28,1317.88,1.008,Critical
Z001,Whitefield,11,Day,False,mixed,4770,90,2,0.324,1307,748.1,464.5,1212.6,0.928,High,Weekday,False,Clear,28.0,90,0.341,518.96,1267.06,0.969,High
Z001,Whitefield,12,Day,False,mixed,4770,90,2,0.324,1307,711.16,467.81,1178.96,0.902,High,Weekday,False,Clear,28.0,90,0.341,511.51,1222.67,0.935,High
Z001,Whitefield,13,Day,False,mixed,4770,90,2,0.324,1307,794.08,498.74,1292.83,0.989,High,Weekday,False,Clear,28.0,90,0.341,516.21,1310.29,1.003,Critical
Z001,Whitefield,14,Day,False,mixed,4770,90,2,0.324,1307,798.76,477.12,1275.88,0.976,High,Weekday,False,Clear,28.0,90,0.341,518.74,1317.5,1.008,Critical
Z001,Whitefield,15,Day,False,mixed,4770,90,2,0.324,1307,814.81,457.37,1272.18,0.973,High,Weekday,False,Clear,28.0,90,0.341,515.41,1330.22,1.018,Critical
Z001,Whitefield,16,Day,False,mixed,4770,90,2,0.324,1307,796.03,412.5,1208.53,0.925,High,Weekday,False,Clear,28.0,90,0.341,510.67,1306.7,1.0,High
Z001,Whitefield,17,Evening Peak,True,mixed,4770,90,2,0.324,1307,807.53,753.7,1561.23,1.195,Critical,Weekday,False,Clear,28.0,90,0.341,706.05,1513.58,1.158,Critical
Z001,Whitefield,18,Evening Peak,True,mixed,4770,90,2,0.324,1307,914.71,732.64,1647.35,1.26,Critical,Weekday,False,Clear,28.0,90,0.341,737.89,1652.6,1.264,Critical
Z001,Whitefield,19,Evening Peak,True,mixed,4770,90,2,0.324,1307,893.76,542.82,1436.58,1.099,Critical,Weekday,False,Clear,28.0,90,0.341,709.8,1603.56,1.227,Critical
Z001,Whitefield,20,Evening Peak,True,mixed,4770,90,2,0.324,1307,909.07,662.05,1571.11,1.202,Critical,Weekday,False,Clear,28.0,90,0.341,733.0,1642.07,1.256,Critical
Z001,Whitefield,21,Evening Peak,True,mixed,4770,90,2,0.324,1307,923.9,703.61,1627.51,1.245,Critical,Weekday,False,Clear,28.0,90,0.341,747.1,1671.0,1.279,Critical
Z001,Whitefield,22,Evening Peak,True,mixed,4770,90,2,0.324,1307,892.29,576.54,1468.83,1.124,Critical,Weekday,False,Clear,28.0,90,0.341,697.07,1589.36,1.216,Critical
Z001,Whitefield,23,Late Night,False,mixed,4770,90,2,0.324,1307,626.31,315.13,941.44,0.72,Low,Weekday,False,Clear,28.0,90,0.341,398.55,1024.86,0.784,Medium
Z002,Indiranagar,0,Night,False,residential,6123,85,4,0.284,1597,772.26,241.74,1014.0,0.635,Low,Weekday,False,Clear,28.0,85,0.219,367.15,1139.41,0.713,Low
Z002,Indiranagar,1,Night,False,residential,6123,85,4,0.284,1597,664.61,269.1,933.7,0.585,Low,Weekday,False,Clear,28.0,85,0.219,365.13,1029.74,0.645,Low
Z002,Indiranagar,2,Night,False,residential,6123,85,4,0.284,1597,716.48,331.23,1047.71,0.656,Low,Weekday,False,Clear,28.0,85,0.219,365.81,1082.29,0.678,Low
Z002,Indiranagar,3,Night,False,residential,6123,85,4,0.284,1597,688.13,314.14,1002.27,0.628,Low,Weekday,False,Clear,28.0,85,0.219,362.79,1050.92,0.658,Low
Z002,Indiranagar,4,Night,False,residential,6123,85,4,0.284,1597,615.92,245.19,861.11,0.539,Low,Weekday,False,Clear,28.0,85,0.219,370.42,986.34,0.618,Low
Z002,Indiranagar,5,Night,False,residential,6123,85,4,0.284,1597,698.58,247.26,945.84,0.592,Low,Weekday,False,Clear,28.0,85,0.219,367.0,1065.58,0.667,Low
Z002,Indiranagar,6,Morning,False,residential,6123,85,4,0.284,1597,828.52,393.45,1221.96,0.765,Medium,Weekday,False,Clear,28.0,85,0.219,396.86,1225.38,0.767,Medium
Z002,Indiranagar,7,Morning,False,residential,6123,85,4,0.284,1597,871.56,353.04,1224.59,0.767,Medium,Weekday,False,Clear,28.0,85,0.219,401.15,1272.71,0.797,Medium
Z002,Indiranagar,8,Morning,False,residential,6123,85,4,0.284,1597,867.94,305.04,1172.99,0.734,Low,Weekday,False,Clear,28.0,85,0.219,399.68,1267.62,0.794,Medium
Z002,Indiranagar,9,Morning,False,residential,6123,85,4,0.284,1597,980.88,433.29,1414.17,0.886,Medium,Weekday,False,Clear,28.0,85,0.219,406.14,1387.02,0.869,Medium
Z002,Indiranagar,10,Day,False,residential,6123,85,4,0.284,1597,896.94,402.56,1299.5,0.814,Medium,Weekday,False,Clear,28.0,85,0.219,329.06,1226.0,0.768,Medium
Z002,Indiranagar,11,Day,False,residential,6123,85,4,0.284,1597,981.82,314.79,1296.61,0.812,Medium,Weekday,False,Clear,28.0,85,0.219,352.65,1334.47,0.836,Medium
Z002,Indiranagar,12,Day,False,residential,6123,85,4,0.284,1597,865.04,378.28,1243.32,0.779,Medium,Weekday,False,Clear,28.0,85,0.219,362.46,1227.5,0.769,Medium
Z002,Indiranagar,13,Day,False,residential,6123,85,4,0.284,1597,884.98,309.59,1194.57,0.748,Low,Weekday,False,Clear,28.0,85,0.219,358.92,1243.9,0.779,Medium
Z002,Indiranagar,14,Day,False,residential,6123,85,4,0.284,1597,880.17,387.14,1267.31,0.794,Medium,Weekday,False,Clear,28.0,85,0.219,354.05,1234.22,0.773,Medium
Z002,Indiranagar,15,Day,False,residential,6123,85,4,0.284,1597,982.3,327.36,1309.67,0.82,Medium,Weekday,False,Clear,28.0,85,0.219,332.59,1314.89,0.823,Medium
Z002,Indiranagar,16,Day,False,residential,6123,85,4,0.284,1597,956.83,330.52,1287.35,0.806,Medium,Weekday,False,Clear,28.0,85,0.219,330.17,1287.0,0.806,Medium
Z002,Indiranagar,17,Evening Peak,True,residential,6123,85,4,0.284,1597,1066.3,694.08,1760.38,1.102,Critical,Weekday,False,Clear,28.0,85,0.219,897.49,1963.79,1.23,Critical
Z002,Indiranagar,18,Evening Peak,True,residential,6123,85,4,0.284,1597,1050.13,689.6,1739.73,1.089,Critical,Weekday,False,Clear,28.0,85,0.219,897.9,1948.03,1.22,Critical
Z002,Indiranagar,19,Evening Peak,True,residential,6123,85,4,0.284,1597,1098.64,774.57,1873.22,1.173,Critical,Weekday,False,Clear,28.0,85,0.219,926.2,2024.84,1.268,Critical
Z002,Indiranagar,20,Evening Peak,True,residential,6123,85,4,0.284,1597,1097.41,798.39,1895.8,1.187,Critical,Weekday,False,Clear,28.0,85,0.219,919.06,2016.47,1.263,Critical
Z002,Indiranagar,21,Evening Peak,True,residential,6123,85,4,0.284,1597,992.34,976.53,1968.87,1.233,Critical,Weekday,False,Clear,28.0,85,0.219,882.73,1875.07,1.174,Critical
Z002,Indiranagar,22,Evening Peak,True,residential,6123,85,4,0.284,1597,1135.36,706.14,1841.5,1.153,Critical,Weekday,False,Clear,28.0,85,0.219,928.12,2063.48,1.292,Critical
Z002,Indiranagar,23,Late Night,False,residential,6123,85,4,0.284,1597,775.01,555.11,1330.13,0.833,Medium,Weekday,False,Clear,28.0,85,0.219,340.82,1115.83,0.699,Low
Z003,Koramangala,0,Night,False,mixed,4428,88,0,0.317,1832,889.91,176.58,1066.5,0.582,Low,Weekday,False,Clear,28.0,88,0.633,347.1,1237.01,0.675,Low
Z003,Koramangala,1,Night,False,mixed,4428,88,0,0.317,1832,901.19,185.9,1087.09,0.593,Low,Weekday,False,Clear,28.0,88,0.633,347.1,1248.29,0.681,Low
Z003,Koramangala,2,Night,False,mixed,4428,88,0,0.317,1832,974.23,233.46,1207.7,0.659,Low,Weekday,False,Clear,28.0,88,0.633,347.1,1321.33,0.721,Low
Z003,Koramangala,3,Night,False,mixed,4428,88,0,0.317,1832,909.16,167.92,1077.09,0.588,Low,Weekday,False,Clear,28.0,88,0.633,347.1,1256.26,0.686,Low
Z003,Koramangala,4,Night,False,mixed,4428,88,0,0.317,1832,843.96,226.97,1070.94,0.585,Low,Weekday,False,Clear,28.0,88,0.633,347.28,1191.24,0.65,Low
Z003,Koramangala,5,Night,False,mixed,4428,88,0,0.317,1832,960.46,172.96,1133.42,0.619,Low,Weekday,False,Clear,28.0,88,0.633,347.1,1307.56,0.714,Low
Z003,Koramangala,6,Morning,False,mixed,4428,88,0,0.317,1832,1070.77,295.27,1366.04,0.746,Low,Weekday,False,Clear,28.0,88,0.633,333.29,1404.06,0.766,Medium
Z003,Koramangala,7,Morning,False,mixed,4428,88,0,0.317,1832,1104.4,388.92,1493.32,0.815,Medium,Weekday,False,Clear,28.0,88,0.633,331.02,1435.42,0.784,Medium
Z003,Koramangala,8,Morning,False,mixed,4428,88,0,0.317,1832,1091.55,376.36,1467.91,0.801,Medium,Weekday,False,Clear,28.0,88,0.633,328.0,1419.55,0.775,Medium
Z003,Koramangala,9,Morning,False,mixed,4428,88,0,0.317,1832,1138.85,333.16,1472.01,0.803,Medium,Weekday,False,Clear,28.0,88,0.633,324.7,1463.55,0.799,Medium
Z003,Koramangala,10,Day,False,mixed,4428,88,0,0.317,1832,1114.84,378.22,1493.06,0.815,Medium,Weekday,False,Clear,28.0,88,0.633,468.67,1583.51,0.864,Medium
Z003,Koramangala,11,Day,False,mixed,4428,88,0,0.317,1832,1312.68,527.39,1840.07,1.004,Critical,Weekday,False,Clear,28.0,88,0.633,495.96,1808.64,0.987,High
Z003,Koramangala,12,Day,False,mixed,4428,88,0,0.317,1832,1288.4,512.63,1801.03,0.983,High,Weekday,False,Clear,28.0,88,0.633,492.36,1780.76,0.972,High
Z003,Koramangala,13,Day,False,mixed,4428,88,0,0.317,1832,1151.01,502.99,1654.0,0.903,High,Weekday,False,Clear,28.0,88,0.633,461.11,1612.12,0.88,Medium
Z003,Koramangala,14,Day,False,mixed,4428,88,0,0.317,1832,1164.8,401.28,1566.08,0.855,Medium,Weekday,False,Clear,28.0,88,0.633,473.8,1638.6,0.894,Medium
Z003,Koramangala,15,Day,False,mixed,4428,88,0,0.317,1832,1138.23,500.85,1639.08,0.895,Medium,Weekday,False,Clear,28.0,88,0.633,461.7,1599.93,0.873,Medium
Z003,Koramangala,16,Day,False,mixed,4428,88,0,0.317,1832,1104.84,479.56,1584.39,0.865,Medium,Weekday,False,Clear,28.0,88,0.633,460.72,1565.56,0.855,Medium
Z003,Koramangala,17,Evening Peak,True,mixed,4428,88,0,0.317,1832,1297.6,667.05,1964.65,1.072,Critical,Weekday,False,Clear,28.0,88,0.633,630.14,1927.74,1.052,Critical
Z003,Koramangala,18,Evening Peak,True,mixed,4428,88,0,0.317,1832,1301.7,587.79,1889.49,1.031,Critical,Weekday,False,Clear,28.0,88,0.633,667.81,1969.51,1.075,Critical
Z003,Koramangala,19,Evening Peak,True,mixed,4428,88,0,0.317,1832,1487.02,585.05,2072.07,1.131,Critical,Weekday,False,Clear,28.0,88,0.633,672.57,2159.59,1.179,Critical
Z003,Koramangala,20,Evening Peak,True,mixed,4428,88,0,0.317,1832,1258.08,522.54,1780.62,0.972,High,Weekday,False,Clear,28.0,88,0.633,661.68,1919.76,1.048,Critical
Z003,Koramangala,21,Evening Peak,True,mixed,4428,88,0,0.317,1832,1416.71,523.13,1939.84,1.059,Critical,Weekday,False,Clear,28.0,88,0.633,656.09,2072.8,1.131,Critical
Z003,Koramangala,22,Evening Peak,True,mixed,4428,88,0,0.317,1832,1420.68,607.85,2028.53,1.107,Critical,Weekday,False,Clear,28.0,88,0.633,633.11,2053.79,1.121,Critical
Z003,Koramangala,23,Late Night,False,mixed,4428,88,0,0.317,1832,1040.39,356.01,1396.4,0.762,Medium,Weekday,False,Clear,28.0,88,0.633,351.6,1391.99,0.76,Medium
Z004,Electronic City,0,Night,False,industrial,3249,82,2,0.359,3166,1240.85,161.55,1402.39,0.443,Low,Weekday,False,Clear,28.0,82,0.232,424.07,1664.92,0.526,Low
Z004,Electronic City,1,Night,False,industrial,3249,82,2,0.359,3166,1338.66,169.62,1508.28,0.476,Low,Weekday,False,Clear,28.0,82,0.232,427.43,1766.09,0.558,Low
Z004,Electronic City,2,Night,False,industrial,3249,82,2,0.359,3166,1436.02,225.29,1661.31,0.525,Low,Weekday,False,Clear,28.0,82,0.232,428.84,1864.86,0.589,Low
Z004,Electronic City,3,Night,False,industrial,3249,82,2,0.359,3166,1532.15,144.85,1677.0,0.53,Low,Weekday,False,Clear,28.0,82,0.232,428.32,1960.47,0.619,Low
Z004,Electronic City,4,Night,False,industrial,3249,82,2,0.359,3166,1425.42,144.5,1569.92,0.496,Low,Weekday,False,Clear,28.0,82,0.232,428.84,1854.26,0.586,Low
Z004,Electronic City,5,Night,False,industrial,3249,82,2,0.359,3166,1346.56,235.48,1582.05,0.5,Low,Weekday,False,Clear,28.0,82,0.232,427.76,1774.32,0.56,Low
Z004,Electronic City,6,Morning,False,industrial,3249,82,2,0.359,3166,1902.17,561.2,2463.37,0.778,Medium,Weekday,False,Clear,28.0,82,0.232,538.15,2440.32,0.771,Medium
Z004,Electronic City,7,Morning,False,industrial,3249,82,2,0.359,3166,1847.76,406.14,2253.9,0.712,Low,Weekday,False,Clear,28.0,82,0.232,541.3,2389.06,0.755,Medium
Z004,Electronic City,8,Morning,False,industrial,3249,82,2,0.359,3166,1864.15,542.99,2407.14,0.76,Medium,Weekday,False,Clear,28.0,82,0.232,540.95,2405.1,0.76,Medium
Z004,Electronic City,9,Morning,False,industrial,3249,82,2,0.359,3166,1754.54,554.18,2308.72,0.729,Low,Weekday,False,Clear,28.0,82,0.232,538.01,2292.55,0.724,Low
Z004,Electronic City,10,Day,False,industrial,3249,82,2,0.359,3166,1872.84,487.81,2360.65,0.746,Low,Weekday,False,Clear,28.0,82,0.232,302.65,2175.49,0.687,Low
Z004,Electronic City,11,Day,False,industrial,3249,82,2,0.359,3166,1807.8,562.48,2370.27,0.749,Low,Weekday,False,Clear,28.0,82,0.232,313.02,2120.82,0.67,Low
Z004,Electronic City,12,Day,False,industrial,3249,82,2,0.359,3166,1818.08,296.01,2114.1,0.668,Low,Weekday,False,Clear,28.0,82,0.232,342.56,2160.64,0.682,Low
Z004,Electronic City,13,Day,False,industrial,3249,82,2,0.359,3166,1925.29,341.79,2267.08,0.716,Low,Weekday,False,Clear,28.0,82,0.232,341.07,2266.36,0.716,Low
Z004,Electronic City,14,Day,False,industrial,3249,82,2,0.359,3166,1675.93,323.67,1999.6,0.632,Low,Weekday,False,Clear,28.0,82,0.232,356.83,2032.76,0.642,Low
Z004,Electronic City,15,Day,False,industrial,3249,82,2,0.359,3166,1954.15,298.0,2252.15,0.711,Low,Weekday,False,Clear,28.0,82,0.232,348.51,2302.66,0.727,Low
Z004,Electronic City,16,Day,False,industrial,3249,82,2,0.359,3166,1989.5,407.48,2396.98,0.757,Medium,Weekday,False,Clear,28.0,82,0.232,348.72,2338.22,0.739,Low
Z004,Electronic City,17,Evening Peak,True,industrial,3249,82,2,0.359,3166,1983.13,385.95,2369.08,0.748,Low,Weekday,False,Clear,28.0,82,0.232,437.88,2421.01,0.765,Medium
Z004,Electronic City,18,Evening Peak,True,industrial,3249,82,2,0.359,3166,1947.08,396.42,2343.5,0.74,Low,Weekday,False,Clear,28.0,82,0.232,435.51,2382.59,0.753,Medium
Z004,Electronic City,19,Evening Peak,True,industrial,3249,82,2,0.359,3166,2143.7,493.21,2636.91,0.833,Medium,Weekday,False,Clear,28.0,82,0.232,436.89,2580.59,0.815,Medium
Z004,Electronic City,20,Evening Peak,True,industrial,3249,82,2,0.359,3166,2043.45,495.01,2538.47,0.802,Medium,Weekday,False,Clear,28.0,82,0.232,438.29,2481.74,0.784,Medium
Z004,Electronic City,21,Evening Peak,True,industrial,3249,82,2,0.359,3166,2239.12,169.81,2408.92,0.761,Medium,Weekday,False,Clear,28.0,82,0.232,452.62,2691.74,0.85,Medium
Z004,Electronic City,22,Evening Peak,True,industrial,3249,82,2,0.359,3166,2013.64,198.24,2211.88,0.699,Low,Weekday,False,Clear,28.0,82,0.232,448.09,2461.73,0.778,Medium
Z004,Electronic City,23,Late Night,False,industrial,3249,82,2,0.359,3166,1490.83,174.7,1665.52,0.526,Low,Weekday,False,Clear,28.0,82,0.232,386.21,1877.04,0.593,Low
Z005,MG Road,0,Night,False,commercial,3921,92,2,0.19,2000,1104.2,104.19,1208.39,0.604,Low,Weekday,False,Clear,28.0,92,0.28,350.9,1455.1,0.728,Low
Z005,MG Road,1,Night,False,commercial,3921,92,2,0.19,2000,966.15,154.74,1120.9,0.56,Low,Weekday,False,Clear,28.0,92,0.28,313.44,1279.59,0.64,Low
Z005,MG Road,2,Night,False,commercial,3921,92,2,0.19,2000,1197.78,171.33,1369.11,0.685,Low,Weekday,False,Clear,28.0,92,0.28,346.72,1544.5,0.772,Medium
Z005,MG Road,3,Night,False,commercial,3921,92,2,0.19,2000,1185.62,154.73,1340.36,0.67,Low,Weekday,False,Clear,28.0,92,0.28,346.76,1532.38,0.766,Medium
Z005,MG Road,4,Night,False,commercial,3921,92,2,0.19,2000,1178.88,102.92,1281.81,0.641,Low,Weekday,False,Clear,28.0,92,0.28,347.09,1525.97,0.763,Medium
Z005,MG Road,5,Night,False,commercial,3921,92,2,0.19,2000,1101.41,157.2,1258.62,0.629,Low,Weekday,False,Clear,28.0,92,0.28,350.87,1452.28,0.726,Low
Z005,MG Road,6,Morning,False,commercial,3921,92,2,0.19,2000,1356.23,280.57,1636.8,0.818,Medium,Weekday,False,Clear,28.0,92,0.28,350.42,1706.65,0.853,Medium
Z005,MG Road,7,Morning,False,commercial,3921,92,2,0.19,2000,1284.45,271.41,1555.85,0.778,Medium,Weekday,False,Clear,28.0,92,0.28,293.81,1578.26,0.789,Medium
Z005,MG Road,8,Morning,False,commercial,3921,92,2,0.19,2000,1311.6,259.64,1571.24,0.786,Medium,Weekday,False,Clear,28.0,92,0.28,303.31,1614.91,0.807,Medium
Z005,MG Road,9,Morning,False,commercial,3921,92,2,0.19,2000,1339.38,271.57,1610.95,0.805,Medium,Weekday,False,Clear,28.0,92,0.28,390.79,1730.17,0.865,Medium
Z005,MG Road,10,Day,False,commercial,3921,92,2,0.19,2000,1403.57,668.49,2072.05,1.036,Critical,Weekday,False,Clear,28.0,92,0.28,541.63,1945.2,0.973,High
Z005,MG Road,11,Day,False,commercial,3921,92,2,0.19,2000,1457.41,513.11,1970.53,0.985,High,Weekday,False,Clear,28.0,92,0.28,554.1,2011.51,1.006,Critical
Z005,MG Road,12,Day,False,commercial,3921,92,2,0.19,2000,1564.99,597.95,2162.94,1.081,Critical,Weekday,False,Clear,28.0,92,0.28,570.79,2135.78,1.068,Critical
Z005,MG Road,13,Day,False,commercial,3921,92,2,0.19,2000,1472.57,556.08,2028.65,1.014,Critical,Weekday,False,Clear,28.0,92,0.28,553.07,2025.64,1.013,Critical
Z005,MG Road,14,Day,False,commercial,3921,92,2,0.19,2000,1531.73,497.77,2029.5,1.015,Critical,Weekday,False,Clear,28.0,92,0.28,562.44,2094.17,1.047,Critical
Z005,MG Road,15,Day,False,commercial,3921,92,2,0.19,2000,1568.55,478.53,2047.08,1.024,Critical,Weekday,False,Clear,28.0,92,0.28,559.23,2127.78,1.064,Critical
Z005,MG Road,16,Day,False,commercial,3921,92,2,0.19,2000,1344.53,558.7,1903.23,0.952,High,Weekday,False,Clear,28.0,92,0.28,559.28,1903.81,0.952,High
Z005,MG Road,17,Evening Peak,True,commercial,3921,92,2,0.19,2000,1810.01,500.46,2310.47,1.155,Critical,Weekday,False,Clear,28.0,92,0.28,361.39,2171.4,1.086,Critical
Z005,MG Road,18,Evening Peak,True,commercial,3921,92,2,0.19,2000,1770.49,377.84,2148.33,1.074,Critical,Weekday,False,Clear,28.0,92,0.28,357.88,2128.37,1.064,Critical
Z005,MG Road,19,Evening Peak,True,commercial,3921,92,2,0.19,2000,1768.8,395.03,2163.84,1.082,Critical,Weekday,False,Clear,28.0,92,0.28,329.13,2097.93,1.049,Critical
Z005,MG Road,20,Evening Peak,True,commercial,3921,92,2,0.19,2000,1708.81,307.91,2016.71,1.008,Critical,Weekday,False,Clear,28.0,92,0.28,389.59,2098.4,1.049,Critical
Z005,MG Road,21,Evening Peak,True,commercial,3921,92,2,0.19,2000,1586.27,364.46,1950.73,0.975,High,Weekday,False,Clear,28.0,92,0.28,355.97,1942.24,0.971,High
Z005,MG Road,22,Evening Peak,True,commercial,3921,92,2,0.19,2000,1672.5,192.63,1865.12,0.933,High,Weekday,False,Clear,28.0,92,0.28,394.71,2067.21,1.034,Critical
Z005,MG Road,23,Late Night,False,commercial,3921,92,2,0.19,2000,1272.64,185.86,1458.51,0.729,Low,Weekday,False,Clear,28.0,92,0.28,434.01,1706.65,0.853,Medium
Z006,Jayanagar,0,Night,False,residential,5653,75,7,0.23,1234,633.88,216.95,850.82,0.689,Low,Weekday,False,Clear,28.0,75,0.115,302.23,936.11,0.759,Medium
Z006,Jayanagar,1,Night,False,residential,5653,75,7,0.23,1234,506.0,287.96,793.95,0.643,Low,Weekday,False,Clear,28.0,75,0.115,311.08,817.08,0.662,Low
Z006,Jayanagar,2,Night,False,residential,5653,75,7,0.23,1234,610.09,286.32,896.41,0.726,Low,Weekday,False,Clear,28.0,75,0.115,304.43,914.52,0.741,Low
Z006,Jayanagar,3,Night,False,residential,5653,75,7,0.23,1234,628.89,294.31,923.2,0.748,Low,Weekday,False,Clear,28.0,75,0.115,298.21,927.1,0.751,Medium
Z006,Jayanagar,4,Night,False,residential,5653,75,7,0.23,1234,547.91,239.87,787.79,0.638,Low,Weekday,False,Clear,28.0,75,0.115,296.98,844.89,0.685,Low
Z006,Jayanagar,5,Night,False,residential,5653,75,7,0.23,1234,515.1,320.92,836.03,0.677,Low,Weekday,False,Clear,28.0,75,0.115,303.37,818.47,0.663,Low
Z006,Jayanagar,6,Morning,False,residential,5653,75,7,0.23,1234,702.41,379.81,1082.22,0.877,Medium,Weekday,False,Clear,28.0,75,0.115,378.41,1080.82,0.876,Medium
Z006,Jayanagar,7,Morning,False,residential,5653,75,7,0.23,1234,786.22,382.15,1168.37,0.947,High,Weekday,False,Clear,28.0,75,0.115,382.51,1168.73,0.947,High
Z006,Jayanagar,8,Morning,False,residential,5653,75,7,0.23,1234,701.36,418.62,1119.98,0.908,High,Weekday,False,Clear,28.0,75,0.115,380.96,1082.32,0.877,Medium
Z006,Jayanagar,9,Morning,False,residential,5653,75,7,0.23,1234,788.5,319.59,1108.09,0.898,Medium,Weekday,False,Clear,28.0,75,0.115,377.58,1166.08,0.945,High
Z006,Jayanagar,10,Day,False,residential,5653,75,7,0.23,1234,778.78,270.35,1049.13,0.85,Medium,Weekday,False,Clear,28.0,75,0.115,328.42,1107.2,0.897,Medium
Z006,Jayanagar,11,Day,False,residential,5653,75,7,0.23,1234,786.21,253.03,1039.24,0.842,Medium,Weekday,False,Clear,28.0,75,0.115,325.85,1112.06,0.901,High
Z006,Jayanagar,12,Day,False,residential,5653,75,7,0.23,1234,807.33,286.06,1093.39,0.886,Medium,Weekday,False,Clear,28.0,75,0.115,343.65,1150.98,0.933,High
Z006,Jayanagar,13,Day,False,residential,5653,75,7,0.23,1234,749.25,303.8,1053.06,0.853,Medium,Weekday,False,Clear,28.0,75,0.115,325.67,1074.92,0.871,Medium
Z006,Jayanagar,14,Day,False,residential,5653,75,7,0.23,1234,800.64,282.93,1083.58,0.878,Medium,Weekday,False,Clear,28.0,75,0.115,333.99,1134.63,0.919,High
Z006,Jayanagar,15,Day,False,residential,5653,75,7,0.23,1234,815.49,298.6,1114.08,0.903,High,Weekday,False,Clear,28.0,75,0.115,331.11,1146.6,0.929,High
Z006,Jayanagar,16,Day,False,residential,5653,75,7,0.23,1234,698.33,377.63,1075.97,0.872,Medium,Weekday,False,Clear,28.0,75,0.115,303.33,1001.66,0.812,Medium
Z006,Jayanagar,17,Evening Peak,True,residential,5653,75,7,0.23,1234,894.46,702.87,1597.32,1.294,Critical,Weekday,False,Clear,28.0,75,0.115,869.57,1764.03,1.43,Critical
Z006,Jayanagar,18,Evening Peak,True,residential,5653,75,7,0.23,1234,800.3,680.18,1480.48,1.2,Critical,Weekday,False,Clear,28.0,75,0.115,864.94,1665.24,1.349,Critical
Z006,Jayanagar,19,Evening Peak,True,residential,5653,75,7,0.23,1234,913.66,737.15,1650.81,1.338,Critical,Weekday,False,Clear,28.0,75,0.115,831.83,1745.49,1.414,Critical
Z006,Jayanagar,20,Evening Peak,True,residential,5653,75,7,0.23,1234,895.39,611.64,1507.03,1.221,Critical,Weekday,False,Clear,28.0,75,0.115,853.3,1748.69,1.417,Critical
Z006,Jayanagar,21,Evening Peak,True,residential,5653,75,7,0.23,1234,803.73,851.02,1654.75,1.341,Critical,Weekday,False,Clear,28.0,75,0.115,853.67,1657.4,1.343,Critical
Z006,Jayanagar,22,Evening Peak,True,residential,5653,75,7,0.23,1234,832.06,839.99,1672.05,1.355,Critical,Weekday,False,Clear,28.0,75,0.115,870.62,1702.68,1.38,Critical
Z006,Jayanagar,23,Late Night,False,residential,5653,75,7,0.23,1234,659.57,535.23,1194.8,0.968,High,Weekday,False,Clear,28.0,75,0.115,358.22,1017.79,0.825,Medium
Z007,Hebbal,0,Night,False,mixed,6348,95,1,0.299,1741,840.16,276.15,1116.31,0.641,Low,Weekday,False,Clear,28.0,95,0.907,448.49,1288.65,0.74,Low
Z007,Hebbal,1,Night,False,mixed,6348,95,1,0.299,1741,734.54,204.06,938.6,0.539,Low,Weekday,False,Clear,28.0,95,0.907,468.32,1202.86,0.691,Low
Z007,Hebbal,2,Night,False,mixed,6348,95,1,0.299,1741,850.18,279.36,1129.53,0.649,Low,Weekday,False,Clear,28.0,95,0.907,446.03,1296.21,0.745,Low
Z007,Hebbal,3,Night,False,mixed,6348,95,1,0.299,1741,724.63,269.44,994.07,0.571,Low,Weekday,False,Clear,28.0,95,0.907,486.48,1211.11,0.696,Low
Z007,Hebbal,4,Night,False,mixed,6348,95,1,0.299,1741,749.22,294.42,1043.64,0.599,Low,Weekday,False,Clear,28.0,95,0.907,470.81,1220.03,0.701,Low
Z007,Hebbal,5,Night,False,mixed,6348,95,1,0.299,1741,821.74,198.01,1019.75,0.586,Low,Weekday,False,Clear,28.0,95,0.907,450.77,1272.51,0.731,Low
Z007,Hebbal,6,Morning,False,mixed,6348,95,1,0.299,1741,913.41,479.1,1392.51,0.8,Medium,Weekday,False,Clear,28.0,95,0.907,425.32,1338.73,0.769,Medium
Z007,Hebbal,7,Morning,False,mixed,6348,95,1,0.299,1741,941.24,352.24,1293.48,0.743,Low,Weekday,False,Clear,28.0,95,0.907,422.18,1363.42,0.783,Medium
Z007,Hebbal,8,Morning,False,mixed,6348,95,1,0.299,1741,1112.95,428.19,1541.14,0.885,Medium,Weekday,False,Clear,28.0,95,0.907,421.09,1534.04,0.881,Medium
Z007,Hebbal,9,Morning,False,mixed,6348,95,1,0.299,1741,1039.83,408.02,1447.85,0.832,Medium,Weekday,False,Clear,28.0,95,0.907,450.64,1490.47,0.856,Medium
Z007,Hebbal,10,Day,False,mixed,6348,95,1,0.299,1741,1158.91,522.1,1681.01,0.966,High,Weekday,False,Clear,28.0,95,0.907,555.39,1714.3,0.985,High
Z007,Hebbal,11,Day,False,mixed,6348,95,1,0.299,1741,1106.51,615.29,1721.8,0.989,High,Weekday,False,Clear,28.0,95,0.907,554.47,1660.98,0.954,High
Z007,Hebbal,12,Day,False,mixed,6348,95,1,0.299,1741,989.19,549.07,1538.26,0.884,Medium,Weekday,False,Clear,28.0,95,0.907,563.96,1553.15,0.892,Medium
Z007,Hebbal,13,Day,False,mixed,6348,95,1,0.299,1741,1058.5,460.02,1518.53,0.872,Medium,Weekday,False,Clear,28.0,95,0.907,565.65,1624.15,0.933,High
Z007,Hebbal,14,Day,False,mixed,6348,95,1,0.299,1741,1016.77,512.78,1529.56,0.879,Medium,Weekday,False,Clear,28.0,95,0.907,552.67,1569.44,0.901,High
Z007,Hebbal,15,Day,False,mixed,6348,95,1,0.299,1741,1087.62,573.13,1660.75,0.954,High,Weekday,False,Clear,28.0,95,0.907,566.21,1653.83,0.95,High
Z007,Hebbal,16,Day,False,mixed,6348,95,1,0.299,1741,1044.59,506.84,1551.43,0.891,Medium,Weekday,False,Clear,28.0,95,0.907,556.17,1600.76,0.919,High
Z007,Hebbal,17,Evening Peak,True,mixed,6348,95,1,0.299,1741,1184.67,610.74,1795.4,1.031,Critical,Weekday,False,Clear,28.0,95,0.907,753.63,1938.3,1.113,Critical
Z007,Hebbal,18,Evening Peak,True,mixed,6348,95,1,0.299,1741,1218.1,678.93,1897.03,1.09,Critical,Weekday,False,Clear,28.0,95,0.907,825.71,2043.81,1.174,Critical
Z007,Hebbal,19,Evening Peak,True,mixed,6348,95,1,0.299,1741,1237.6,827.6,2065.2,1.186,Critical,Weekday,False,Clear,28.0,95,0.907,805.39,2042.99,1.173,Critical
Z007,Hebbal,20,Evening Peak,True,mixed,6348,95,1,0.299,1741,1256.04,724.97,1981.01,1.138,Critical,Weekday,False,Clear,28.0,95,0.907,774.14,2030.18,1.166,Critical
Z007,Hebbal,21,Evening Peak,True,mixed,6348,95,1,0.299,1741,1234.06,744.8,1978.86,1.137,Critical,Weekday,False,Clear,28.0,95,0.907,814.32,2048.38,1.177,Critical
Z007,Hebbal,22,Evening Peak,True,mixed,6348,95,1,0.299,1741,1193.95,779.73,1973.67,1.134,Critical,Weekday,False,Clear,28.0,95,0.907,828.28,2022.23,1.162,Critical
Z007,Hebbal,23,Late Night,False,mixed,6348,95,1,0.299,1741,939.47,450.5,1389.97,0.798,Medium,Weekday,False,Clear,28.0,95,0.907,450.97,1390.44,0.799,Medium
Z008,Yelahanka,0,Night,False,residential,5700,70,7,0.132,1104,512.76,277.88,790.64,0.716,Low,Weekday,False,Clear,28.0,70,0.116,284.15,796.91,0.722,Low
Z008,Yelahanka,1,Night,False,residential,5700,70,7,0.132,1104,555.88,239.22,795.1,0.72,Low,Weekday,False,Clear,28.0,70,0.116,282.21,838.09,0.759,Medium
Z008,Yelahanka,2,Night,False,residential,5700,70,7,0.132,1104,451.8,272.73,724.53,0.656,Low,Weekday,False,Clear,28.0,70,0.116,291.37,743.17,0.673,Low
Z008,Yelahanka,3,Night,False,residential,5700,70,7,0.132,1104,480.16,224.48,704.65,0.638,Low,Weekday,False,Clear,28.0,70,0.116,292.56,772.72,0.7,Low
Z008,Yelahanka,4,Night,False,residential,5700,70,7,0.132,1104,484.69,261.15,745.84,0.676,Low,Weekday,False,Clear,28.0,70,0.116,291.99,776.68,0.704,Low
Z008,Yelahanka,5,Night,False,residential,5700,70,7,0.132,1104,554.5,286.01,840.51,0.761,Medium,Weekday,False,Clear,28.0,70,0.116,277.38,831.88,0.754,Medium
Z008,Yelahanka,6,Morning,False,residential,5700,70,7,0.132,1104,598.89,318.87,917.76,0.831,Medium,Weekday,False,Clear,28.0,70,0.116,342.61,941.5,0.853,Medium
Z008,Yelahanka,7,Morning,False,residential,5700,70,7,0.132,1104,627.63,397.57,1025.2,0.929,High,Weekday,False,Clear,28.0,70,0.116,334.94,962.57,0.872,Medium
Z008,Yelahanka,8,Morning,False,residential,5700,70,7,0.132,1104,683.01,311.16,994.17,0.901,High,Weekday,False,Clear,28.0,70,0.116,333.01,1016.02,0.92,High
Z008,Yelahanka,9,Morning,False,residential,5700,70,7,0.132,1104,673.94,317.8,991.74,0.898,Medium,Weekday,False,Clear,28.0,70,0.116,330.84,1004.78,0.91,High
Z008,Yelahanka,10,Day,False,residential,5700,70,7,0.132,1104,613.46,257.64,871.09,0.789,Medium,Weekday,False,Clear,28.0,70,0.116,282.72,896.18,0.812,Medium
Z008,Yelahanka,11,Day,False,residential,5700,70,7,0.132,1104,634.27,263.01,897.28,0.813,Medium,Weekday,False,Clear,28.0,70,0.116,291.79,926.06,0.839,Medium
Z008,Yelahanka,12,Day,False,residential,5700,70,7,0.132,1104,746.52,307.09,1053.61,0.954,High,Weekday,False,Clear,28.0,70,0.116,298.08,1044.6,0.946,High
Z008,Yelahanka,13,Day,False,residential,5700,70,7,0.132,1104,746.68,247.86,994.55,0.901,High,Weekday,False,Clear,28.0,70,0.116,295.61,1042.29,0.944,High
Z008,Yelahanka,14,Day,False,residential,5700,70,7,0.132,1104,665.39,250.81,916.2,0.83,Medium,Weekday,False,Clear,28.0,70,0.116,287.11,952.5,0.863,Medium
Z008,Yelahanka,15,Day,False,residential,5700,70,7,0.132,1104,670.99,272.2,943.19,0.854,Medium,Weekday,False,Clear,28.0,70,0.116,286.75,957.74,0.868,Medium
Z008,Yelahanka,16,Day,False,residential,5700,70,7,0.132,1104,636.61,312.89,949.49,0.86,Medium,Weekday,False,Clear,28.0,70,0.116,294.83,931.44,0.844,Medium
Z008,Yelahanka,17,Evening Peak,True,residential,5700,70,7,0.132,1104,745.67,672.62,1418.29,1.285,Critical,Weekday,False,Clear,28.0,70,0.116,832.49,1578.16,1.429,Critical
Z008,Yelahanka,18,Evening Peak,True,residential,5700,70,7,0.132,1104,793.76,689.08,1482.83,1.343,Critical,Weekday,False,Clear,28.0,70,0.116,851.27,1645.03,1.49,Critical
Z008,Yelahanka,19,Evening Peak,True,residential,5700,70,7,0.132,1104,747.14,837.01,1584.14,1.435,Critical,Weekday,False,Clear,28.0,70,0.116,856.66,1603.8,1.453,Critical
Z008,Yelahanka,20,Evening Peak,True,residential,5700,70,7,0.132,1104,802.28,801.77,1604.06,1.453,Critical,Weekday,False,Clear,28.0,70,0.116,842.12,1644.4,1.489,Critical
Z008,Yelahanka,21,Evening Peak,True,residential,5700,70,7,0.132,1104,721.9,697.12,1419.02,1.285,Critical,Weekday,False,Clear,28.0,70,0.116,838.99,1560.89,1.414,Critical
Z008,Yelahanka,22,Evening Peak,True,residential,5700,70,7,0.132,1104,760.03,820.91,1580.95,1.432,Critical,Weekday,False,Clear,28.0,70,0.116,845.57,1605.6,1.454,Critical
Z008,Yelahanka,23,Late Night,False,residential,5700,70,7,0.132,1104,588.4,470.73,1059.13,0.959,High,Weekday,False,Clear,28.0,70,0.116,341.81,930.21,0.843,Medium
Z009,BTM Layout,0,Night,False,residential,4896,80,3,0.109,1048,454.22,237.66,691.88,0.66,Low,Weekday,False,Clear,28.0,80,0.233,295.71,749.93,0.716,Low
Z009,BTM Layout,1,Night,False,residential,4896,80,3,0.109,1048,392.09,220.04,612.13,0.584,Low,Weekday,False,Clear,28.0,80,0.233,294.45,686.54,0.655,Low
Z009,BTM Layout,2,Night,False,residential,4896,80,3,0.109,1048,366.36,220.94,587.31,0.56,Low,Weekday,False,Clear,28.0,80,0.233,294.45,660.81,0.631,Low
Z009,BTM Layout,3,Night,False,residential,4896,80,3,0.109,1048,423.79,185.06,608.85,0.581,Low,Weekday,False,Clear,28.0,80,0.233,294.45,718.24,0.685,Low
Z009,BTM Layout,4,Night,False,residential,4896,80,3,0.109,1048,375.82,184.17,560.0,0.534,Low,Weekday,False,Clear,28.0,80,0.233,294.45,670.27,0.64,Low
Z009,BTM Layout,5,Night,False,residential,4896,80,3,0.109,1048,403.84,203.72,607.56,0.58,Low,Weekday,False,Clear,28.0,80,0.233,294.45,698.29,0.666,Low
Z009,BTM Layout,6,Morning,False,residential,4896,80,3,0.109,1048,464.9,267.84,732.74,0.699,Low,Weekday,False,Clear,28.0,80,0.233,307.64,772.54,0.737,Low
Z009,BTM Layout,7,Morning,False,residential,4896,80,3,0.109,1048,533.31,332.24,865.54,0.826,Medium,Weekday,False,Clear,28.0,80,0.233,305.73,839.04,0.801,Medium
Z009,BTM Layout,8,Morning,False,residential,4896,80,3,0.109,1048,516.24,322.31,838.56,0.8,Medium,Weekday,False,Clear,28.0,80,0.233,298.37,814.61,0.777,Medium
Z009,BTM Layout,9,Morning,False,residential,4896,80,3,0.109,1048,542.8,337.2,880.0,0.84,Medium,Weekday,False,Clear,28.0,80,0.233,305.15,847.95,0.809,Medium
Z009,BTM Layout,10,Day,False,residential,4896,80,3,0.109,1048,586.05,220.71,806.76,0.77,Medium,Weekday,False,Clear,28.0,80,0.233,266.23,852.28,0.813,Medium
Z009,BTM Layout,11,Day,False,residential,4896,80,3,0.109,1048,539.46,260.63,800.08,0.763,Medium,Weekday,False,Clear,28.0,80,0.233,249.39,788.85,0.753,Medium
Z009,BTM Layout,12,Day,False,residential,4896,80,3,0.109,1048,597.3,288.1,885.4,0.845,Medium,Weekday,False,Clear,28.0,80,0.233,241.67,838.97,0.801,Medium
Z009,BTM Layout,13,Day,False,residential,4896,80,3,0.109,1048,571.53,268.69,840.22,0.802,Medium,Weekday,False,Clear,28.0,80,0.233,245.87,817.4,0.78,Medium
Z009,BTM Layout,14,Day,False,residential,4896,80,3,0.109,1048,504.93,214.82,719.75,0.687,Low,Weekday,False,Clear,28.0,80,0.233,238.27,743.2,0.709,Low
Z009,BTM Layout,15,Day,False,residential,4896,80,3,0.109,1048,544.88,294.89,839.76,0.801,Medium,Weekday,False,Clear,28.0,80,0.233,240.06,784.94,0.749,Low
Z009,BTM Layout,16,Day,False,residential,4896,80,3,0.109,1048,598.19,251.4,849.58,0.811,Medium,Weekday,False,Clear,28.0,80,0.233,242.64,840.83,0.802,Medium
Z009,BTM Layout,17,Evening Peak,True,residential,4896,80,3,0.109,1048,582.56,672.38,1254.95,1.197,Critical,Weekday,False,Clear,28.0,80,0.233,709.13,1291.69,1.233,Critical
Z009,BTM Layout,18,Evening Peak,True,residential,4896,80,3,0.109,1048,674.28,667.98,1342.26,1.281,Critical,Weekday,False,Clear,28.0,80,0.233,733.6,1407.88,1.343,Critical
Z009,BTM Layout,19,Evening Peak,True,residential,4896,80,3,0.109,1048,614.0,501.85,1115.85,1.065,Critical,Weekday,False,Clear,28.0,80,0.233,748.42,1362.42,1.3,Critical
Z009,BTM Layout,20,Evening Peak,True,residential,4896,80,3,0.109,1048,647.04,708.4,1355.45,1.293,Critical,Weekday,False,Clear,28.0,80,0.233,745.83,1392.87,1.329,Critical
Z009,BTM Layout,21,Evening Peak,True,residential,4896,80,3,0.109,1048,667.81,717.17,1384.98,1.322,Critical,Weekday,False,Clear,28.0,80,0.233,740.22,1408.03,1.344,Critical
Z009,BTM Layout,22,Evening Peak,True,residential,4896,80,3,0.109,1048,578.65,580.87,1159.52,1.106,Critical,Weekday,False,Clear,28.0,80,0.233,728.67,1307.32,1.247,Critical
Z009,BTM Layout,23,Late Night,False,residential,4896,80,3,0.109,1048,479.78,329.94,809.72,0.773,Medium,Weekday,False,Clear,28.0,80,0.233,256.72,736.5,0.703,Low
Z010,Rajajinagar,0,Night,False,mixed,6243,78,4,0.188,2110,1124.78,174.39,1299.16,0.616,Low,Weekday,False,Clear,28.0,78,0.223,400.65,1525.43,0.723,Low
Z010,Rajajinagar,1,Night,False,mixed,6243,78,4,0.188,2110,1187.31,242.33,1429.64,0.678,Low,Weekday,False,Clear,28.0,78,0.223,401.32,1588.63,0.753,Medium
Z010,Rajajinagar,2,Night,False,mixed,6243,78,4,0.188,2110,1175.04,223.05,1398.08,0.663,Low,Weekday,False,Clear,28.0,78,0.223,401.07,1576.11,0.747,Low
Z010,Rajajinagar,3,Night,False,mixed,6243,78,4,0.188,2110,1016.42,238.18,1254.6,0.595,Low,Weekday,False,Clear,28.0,78,0.223,404.44,1420.86,0.673,Low
Z010,Rajajinagar,4,Night,False,mixed,6243,78,4,0.188,2110,1009.51,264.54,1274.05,0.604,Low,Weekday,False,Clear,28.0,78,0.223,403.88,1413.39,0.67,Low
Z010,Rajajinagar,5,Night,False,mixed,6243,78,4,0.188,2110,955.09,218.61,1173.7,0.556,Low,Weekday,False,Clear,28.0,78,0.223,403.96,1359.05,0.644,Low
Z010,Rajajinagar,6,Morning,False,mixed,6243,78,4,0.188,2110,1448.45,430.94,1879.39,0.891,Medium,Weekday,False,Clear,28.0,78,0.223,405.15,1853.6,0.878,Medium
Z010,Rajajinagar,7,Morning,False,mixed,6243,78,4,0.188,2110,1334.03,346.25,1680.28,0.796,Medium,Weekday,False,Clear,28.0,78,0.223,388.27,1722.3,0.816,Medium
Z010,Rajajinagar,8,Morning,False,mixed,6243,78,4,0.188,2110,1502.91,413.06,1915.97,0.908,High,Weekday,False,Clear,28.0,78,0.223,399.05,1901.96,0.901,High
Z010,Rajajinagar,9,Morning,False,mixed,6243,78,4,0.188,2110,1329.57,432.68,1762.25,0.835,Medium,Weekday,False,Clear,28.0,78,0.223,391.83,1721.4,0.816,Medium
Z010,Rajajinagar,10,Day,False,mixed,6243,78,4,0.188,2110,1327.28,459.69,1786.97,0.847,Medium,Weekday,False,Clear,28.0,78,0.223,528.32,1855.6,0.879,Medium
Z010,Rajajinagar,11,Day,False,mixed,6243,78,4,0.188,2110,1346.65,423.89,1770.54,0.839,Medium,Weekday,False,Clear,28.0,78,0.223,539.72,1886.37,0.894,Medium
Z010,Rajajinagar,12,Day,False,mixed,6243,78,4,0.188,2110,1470.53,477.92,1948.45,0.923,High,Weekday,False,Clear,28.0,78,0.223,568.26,2038.79,0.966,High
Z010,Rajajinagar,13,Day,False,mixed,6243,78,4,0.188,2110,1563.52,556.52,2120.04,1.005,Critical,Weekday,False,Clear,28.0,78,0.223,520.72,2084.24,0.988,High
Z010,Rajajinagar,14,Day,False,mixed,6243,78,4,0.188,2110,1370.29,559.11,1929.4,0.914,High,Weekday,False,Clear,28.0,78,0.223,544.83,1915.12,0.908,High
Z010,Rajajinagar,15,Day,False,mixed,6243,78,4,0.188,2110,1381.98,583.03,1965.01,0.931,High,Weekday,False,Clear,28.0,78,0.223,548.53,1930.51,0.915,High
Z010,Rajajinagar,16,Day,False,mixed,6243,78,4,0.188,2110,1501.4,536.03,2037.43,0.966,High,Weekday,False,Clear,28.0,78,0.223,577.61,2079.01,0.985,High
Z010,Rajajinagar,17,Evening Peak,True,mixed,6243,78,4,0.188,2110,1589.34,608.96,2198.3,1.042,Critical,Weekday,False,Clear,28.0,78,0.223,728.04,2317.38,1.098,Critical
Z010,Rajajinagar,18,Evening Peak,True,mixed,6243,78,4,0.188,2110,1548.12,771.62,2319.74,1.099,Critical,Weekday,False,Clear,28.0,78,0.223,749.89,2298.01,1.089,Critical
Z010,Rajajinagar,19,Evening Peak,True,mixed,6243,78,4,0.188,2110,1664.41,799.52,2463.93,1.168,Critical,Weekday,False,Clear,28.0,78,0.223,713.57,2377.98,1.127,Critical
Z010,Rajajinagar,20,Evening Peak,True,mixed,6243,78,4,0.188,2110,1629.15,729.9,2359.06,1.118,Critical,Weekday,False,Clear,28.0,78,0.223,704.11,2333.26,1.106,Critical
Z010,Rajajinagar,21,Evening Peak,True,mixed,6243,78,4,0.188,2110,1696.8,817.67,2514.47,1.192,Critical,Weekday,False,Clear,28.0,78,0.223,695.92,2392.72,1.134,Critical
Z010,Rajajinagar,22,Evening Peak,True,mixed,6243,78,4,0.188,2110,1729.17,612.83,2341.99,1.11,Critical,Weekday,False,Clear,28.0,78,0.223,685.44,2414.61,1.144,Critical
Z010,Rajajinagar,23,Late Night,False,mixed,6243,78,4,0.188,2110,1095.89,405.66,1501.55,0.712,Low,Weekday,False,Clear,28.0,78,0.223,421.64,1517.53,0.719,Low
Z011,Marathahalli,0,Night,False,mixed,5029,94,0,0.315,2112,942.94,200.88,1143.82,0.542,Low,Weekday,False,Clear,28.0,94,0.718,401.56,1344.5,0.637,Low
Z011,Marathahalli,1,Night,False,mixed,5029,94,0,0.315,2112,1054.97,166.71,1221.68,0.578,Low,Weekday,False,Clear,28.0,94,0.718,404.87,1459.84,0.691,Low
Z011,Marathahalli,2,Night,False,mixed,5029,94,0,0.315,2112,876.11,171.98,1048.1,0.496,Low,Weekday,False,Clear,28.0,94,0.718,400.34,1276.45,0.604,Low
Z011,Marathahalli,3,Night,False,mixed,5029,94,0,0.315,2112,943.78,188.76,1132.54,0.536,Low,Weekday,False,Clear,28.0,94,0.718,401.78,1345.56,0.637,Low
Z011,Marathahalli,4,Night,False,mixed,5029,94,0,0.315,2112,842.42,196.5,1038.92,0.492,Low,Weekday,False,Clear,28.0,94,0.718,400.12,1242.54,0.588,Low
Z011,Marathahalli,5,Night,False,mixed,5029,94,0,0.315,2112,989.42,183.83,1173.25,0.556,Low,Weekday,False,Clear,28.0,94,0.718,400.29,1389.71,0.658,Low
Z011,Marathahalli,6,Morning,False,mixed,5029,94,0,0.315,2112,1163.82,336.17,1499.99,0.71,Low,Weekday,False,Clear,28.0,94,0.718,384.33,1548.15,0.733,Low
Z011,Marathahalli,7,Morning,False,mixed,5029,94,0,0.315,2112,1093.13,382.3,1475.44,0.699,Low,Weekday,False,Clear,28.0,94,0.718,390.39,1483.52,0.702,Low
Z011,Marathahalli,8,Morning,False,mixed,5029,94,0,0.315,2112,1192.4,359.3,1551.7,0.735,Low,Weekday,False,Clear,28.0,94,0.718,387.56,1579.96,0.748,Low
Z011,Marathahalli,9,Morning,False,mixed,5029,94,0,0.315,2112,1173.14,416.76,1589.9,0.753,Medium,Weekday,False,Clear,28.0,94,0.718,382.36,1555.5,0.737,Low
Z011,Marathahalli,10,Day,False,mixed,5029,94,0,0.315,2112,1192.94,443.46,1636.41,0.775,Medium,Weekday,False,Clear,28.0,94,0.718,494.08,1687.02,0.799,Medium
Z011,Marathahalli,11,Day,False,mixed,5029,94,0,0.315,2112,1247.95,500.34,1748.29,0.828,Medium,Weekday,False,Clear,28.0,94,0.718,501.16,1749.11,0.828,Medium
Z011,Marathahalli,12,Day,False,mixed,5029,94,0,0.315,2112,1210.58,527.0,1737.58,0.823,Medium,Weekday,False,Clear,28.0,94,0.718,495.32,1705.9,0.808,Medium
Z011,Marathahalli,13,Day,False,mixed,5029,94,0,0.315,2112,1243.17,499.65,1742.82,0.825,Medium,Weekday,False,Clear,28.0,94,0.718,505.57,1748.74,0.828,Medium
Z011,Marathahalli,14,Day,False,mixed,5029,94,0,0.315,2112,1139.57,451.01,1590.58,0.753,Medium,Weekday,False,Clear,28.0,94,0.718,505.08,1644.65,0.779,Medium
Z011,Marathahalli,15,Day,False,mixed,5029,94,0,0.315,2112,1130.02,410.16,1540.18,0.729,Low,Weekday,False,Clear,28.0,94,0.718,498.04,1628.06,0.771,Medium
Z011,Marathahalli,16,Day,False,mixed,5029,94,0,0.315,2112,1155.42,491.11,1646.54,0.78,Medium,Weekday,False,Clear,28.0,94,0.718,492.19,1647.61,0.78,Medium
Z011,Marathahalli,17,Evening Peak,True,mixed,5029,94,0,0.315,2112,1458.29,716.92,2175.21,1.03,Critical,Weekday,False,Clear,28.0,94,0.718,697.72,2156.01,1.021,Critical
Z011,Marathahalli,18,Evening Peak,True,mixed,5029,94,0,0.315,2112,1316.84,765.56,2082.4,0.986,High,Weekday,False,Clear,28.0,94,0.718,720.11,2036.95,0.964,High
Z011,Marathahalli,19,Evening Peak,True,mixed,5029,94,0,0.315,2112,1356.43,766.71,2123.14,1.005,Critical,Weekday,False,Clear,28.0,94,0.718,712.24,2068.67,0.979,High
Z011,Marathahalli,20,Evening Peak,True,mixed,5029,94,0,0.315,2112,1379.37,766.43,2145.8,1.016,Critical,Weekday,False,Clear,28.0,94,0.718,709.79,2089.16,0.989,High
Z011,Marathahalli,21,Evening Peak,True,mixed,5029,94,0,0.315,2112,1466.87,773.93,2240.8,1.061,Critical,Weekday,False,Clear,28.0,94,0.718,704.75,2171.62,1.028,Critical
Z011,Marathahalli,22,Evening Peak,True,mixed,5029,94,0,0.315,2112,1519.43,639.75,2159.17,1.022,Critical,Weekday,False,Clear,28.0,94,0.718,710.32,2229.75,1.056,Critical
Z011,Marathahalli,23,Late Night,False,mixed,5029,94,0,0.315,2112,1052.66,315.04,1367.7,0.648,Low,Weekday,False,Clear,28.0,94,0.718,408.47,1461.13,0.692,Low
Z012,Banashankari,0,Night,False,residential,4968,72,1,0.225,1075,368.89,174.45,543.34,0.505,Low,Weekday,False,Clear,28.0,72,0.71,221.03,589.92,0.549,Low
Z012,Banashankari,1,Night,False,residential,4968,72,1,0.225,1075,371.88,172.18,544.06,0.506,Low,Weekday,False,Clear,28.0,72,0.71,220.48,592.36,0.551,Low
Z012,Banashankari,2,Night,False,residential,4968,72,1,0.225,1075,411.03,254.35,665.38,0.619,Low,Weekday,False,Clear,28.0,72,0.71,230.89,641.92,0.597,Low
Z012,Banashankari,3,Night,False,residential,4968,72,1,0.225,1075,368.84,267.65,636.5,0.592,Low,Weekday,False,Clear,28.0,72,0.71,228.6,597.44,0.556,Low
Z012,Banashankari,4,Night,False,residential,4968,72,1,0.225,1075,349.08,196.75,545.83,0.508,Low,Weekday,False,Clear,28.0,72,0.71,228.8,577.88,0.538,Low
Z012,Banashankari,5,Night,False,residential,4968,72,1,0.225,1075,353.93,241.63,595.56,0.554,Low,Weekday,False,Clear,28.0,72,0.71,231.53,585.46,0.545,Low
Z012,Banashankari,6,Morning,False,residential,4968,72,1,0.225,1075,439.86,259.83,699.69,0.651,Low,Weekday,False,Clear,28.0,72,0.71,325.88,765.74,0.712,Low
Z012,Banashankari,7,Morning,False,residential,4968,72,1,0.225,1075,499.9,268.09,767.99,0.714,Low,Weekday,False,Clear,28.0,72,0.71,316.77,816.67,0.76,Medium
Z012,Banashankari,8,Morning,False,residential,4968,72,1,0.225,1075,530.48,299.46,829.94,0.772,Medium,Weekday,False,Clear,28.0,72,0.71,314.04,844.52,0.786,Medium
Z012,Banashankari,9,Morning,False,residential,4968,72,1,0.225,1075,467.7,250.69,718.39,0.668,Low,Weekday,False,Clear,28.0,72,0.71,317.32,785.02,0.73,Low
Z012,Banashankari,10,Day,False,residential,4968,72,1,0.225,1075,495.78,286.7,782.48,0.728,Low,Weekday,False,Clear,28.0,72,0.71,264.64,760.42,0.707,Low
Z012,Banashankari,11,Day,False,residential,4968,72,1,0.225,1075,467.18,259.03,726.21,0.676,Low,Weekday,False,Clear,28.0,72,0.71,263.82,731.0,0.68,Low
Z012,Banashankari,12,Day,False,residential,4968,72,1,0.225,1075,555.66,238.38,794.04,0.739,Low,Weekday,False,Clear,28.0,72,0.71,261.02,816.68,0.76,Medium
Z012,Banashankari,13,Day,False,residential,4968,72,1,0.225,1075,522.54,254.55,777.09,0.723,Low,Weekday,False,Clear,28.0,72,0.71,263.9,786.44,0.732,Low
Z012,Banashankari,14,Day,False,residential,4968,72,1,0.225,1075,540.34,274.26,814.6,0.758,Medium,Weekday,False,Clear,28.0,72,0.71,257.93,798.27,0.743,Low
Z012,Banashankari,15,Day,False,residential,4968,72,1,0.225,1075,566.99,251.6,818.59,0.761,Medium,Weekday,False,Clear,28.0,72,0.71,260.62,827.61,0.77,Medium
Z012,Banashankari,16,Day,False,residential,4968,72,1,0.225,1075,466.59,288.47,755.05,0.702,Low,Weekday,False,Clear,28.0,72,0.71,253.03,719.62,0.669,Low
Z012,Banashankari,17,Evening Peak,True,residential,4968,72,1,0.225,1075,585.03,584.76,1169.8,1.088,Critical,Weekday,False,Clear,28.0,72,0.71,742.81,1327.84,1.235,Critical
Z012,Banashankari,18,Evening Peak,True,residential,4968,72,1,0.225,1075,583.69,668.42,1252.11,1.165,Critical,Weekday,False,Clear,28.0,72,0.71,781.97,1365.66,1.27,Critical
Z012,Banashankari,19,Evening Peak,True,residential,4968,72,1,0.225,1075,642.27,555.23,1197.5,1.114,Critical,Weekday,False,Clear,28.0,72,0.71,762.39,1404.66,1.307,Critical
Z012,Banashankari,20,Evening Peak,True,residential,4968,72,1,0.225,1075,631.67,727.83,1359.5,1.265,Critical,Weekday,False,Clear,28.0,72,0.71,759.6,1391.27,1.294,Critical
Z012,Banashankari,21,Evening Peak,True,residential,4968,72,1,0.225,1075,591.43,746.72,1338.15,1.245,Critical,Weekday,False,Clear,28.0,72,0.71,783.35,1374.78,1.279,Critical
Z012,Banashankari,22,Evening Peak,True,residential,4968,72,1,0.225,1075,582.04,680.07,1262.12,1.174,Critical,Weekday,False,Clear,28.0,72,0.71,791.54,1373.58,1.278,Critical
Z012,Banashankari,23,Late Night,False,residential,4968,72,1,0.225,1075,444.45,419.66,864.11,0.804,Medium,Weekday,False,Clear,28.0,72,0.71,341.39,785.84,0.731,Low
Z013,HSR Layout,0,Night,False,residential,6651,84,9,0.223,1731,747.41,383.16,1130.57,0.653,Low,Weekday,False,Clear,28.0,84,0.106,376.56,1123.97,0.649,Low
Z013,HSR Layout,1,Night,False,residential,6651,84,9,0.223,1731,901.92,248.71,1150.63,0.665,Low,Weekday,False,Clear,28.0,84,0.106,382.97,1284.89,0.742,Low
Z013,HSR Layout,2,Night,False,residential,6651,84,9,0.223,1731,889.77,263.48,1153.25,0.666,Low,Weekday,False,Clear,28.0,84,0.106,386.21,1275.98,0.737,Low
Z013,HSR Layout,3,Night,False,residential,6651,84,9,0.223,1731,808.13,358.27,1166.4,0.674,Low,Weekday,False,Clear,28.0,84,0.106,372.82,1180.95,0.682,Low
Z013,HSR Layout,4,Night,False,residential,6651,84,9,0.223,1731,812.02,291.83,1103.85,0.638,Low,Weekday,False,Clear,28.0,84,0.106,378.69,1190.71,0.688,Low
Z013,HSR Layout,5,Night,False,residential,6651,84,9,0.223,1731,853.54,303.76,1157.31,0.669,Low,Weekday,False,Clear,28.0,84,0.106,384.82,1238.36,0.715,Low
Z013,HSR Layout,6,Morning,False,residential,6651,84,9,0.223,1731,1155.3,381.41,1536.71,0.888,Medium,Weekday,False,Clear,28.0,84,0.106,477.88,1633.18,0.943,High
Z013,HSR Layout,7,Morning,False,residential,6651,84,9,0.223,1731,1030.94,368.71,1399.65,0.809,Medium,Weekday,False,Clear,28.0,84,0.106,424.28,1455.22,0.841,Medium
Z013,HSR Layout,8,Morning,False,residential,6651,84,9,0.223,1731,983.19,417.07,1400.26,0.809,Medium,Weekday,False,Clear,28.0,84,0.106,406.38,1389.57,0.803,Medium
Z013,HSR Layout,9,Morning,False,residential,6651,84,9,0.223,1731,1159.65,348.02,1507.67,0.871,Medium,Weekday,False,Clear,28.0,84,0.106,458.47,1618.12,0.935,High
Z013,HSR Layout,10,Day,False,residential,6651,84,9,0.223,1731,1170.48,395.95,1566.43,0.905,High,Weekday,False,Clear,28.0,84,0.106,345.84,1516.32,0.876,Medium
Z013,HSR Layout,11,Day,False,residential,6651,84,9,0.223,1731,1047.63,315.45,1363.07,0.787,Medium,Weekday,False,Clear,28.0,84,0.106,370.38,1418.01,0.819,Medium
Z013,HSR Layout,12,Day,False,residential,6651,84,9,0.223,1731,1106.96,305.51,1412.48,0.816,Medium,Weekday,False,Clear,28.0,84,0.106,373.06,1480.02,0.855,Medium
Z013,HSR Layout,13,Day,False,residential,6651,84,9,0.223,1731,1109.88,426.16,1536.04,0.887,Medium,Weekday,False,Clear,28.0,84,0.106,372.99,1482.87,0.857,Medium
Z013,HSR Layout,14,Day,False,residential,6651,84,9,0.223,1731,1113.0,294.87,1407.86,0.813,Medium,Weekday,False,Clear,28.0,84,0.106,370.13,1483.13,0.857,Medium
Z013,HSR Layout,15,Day,False,residential,6651,84,9,0.223,1731,1068.28,410.9,1479.17,0.855,Medium,Weekday,False,Clear,28.0,84,0.106,356.76,1425.04,0.823,Medium
Z013,HSR Layout,16,Day,False,residential,6651,84,9,0.223,1731,1203.49,447.41,1650.89,0.954,High,Weekday,False,Clear,28.0,84,0.106,366.3,1569.79,0.907,High
Z013,HSR Layout,17,Evening Peak,True,residential,6651,84,9,0.223,1731,1382.03,724.22,2106.25,1.217,Critical,Weekday,False,Clear,28.0,84,0.106,1024.2,2406.23,1.39,Critical
Z013,HSR Layout,18,Evening Peak,True,residential,6651,84,9,0.223,1731,1237.54,872.77,2110.3,1.219,Critical,Weekday,False,Clear,28.0,84,0.106,984.26,2221.8,1.284,Critical
Z013,HSR Layout,19,Evening Peak,True,residential,6651,84,9,0.223,1731,1358.14,946.73,2304.87,1.332,Critical,Weekday,False,Clear,28.0,84,0.106,968.3,2326.44,1.344,Critical
Z013,HSR Layout,20,Evening Peak,True,residential,6651,84,9,0.223,1731,1206.53,784.42,1990.95,1.15,Critical,Weekday,False,Clear,28.0,84,0.106,1009.99,2216.52,1.28,Critical
Z013,HSR Layout,21,Evening Peak,True,residential,6651,84,9,0.223,1731,1359.51,958.77,2318.28,1.339,Critical,Weekday,False,Clear,28.0,84,0.106,958.52,2318.03,1.339,Critical
Z013,HSR Layout,22,Evening Peak,True,residential,6651,84,9,0.223,1731,1235.66,849.07,2084.73,1.204,Critical,Weekday,False,Clear,28.0,84,0.106,1017.88,2253.54,1.302,Critical
Z013,HSR Layout,23,Late Night,False,residential,6651,84,9,0.223,1731,962.5,549.83,1512.33,0.874,Medium,Weekday,False,Clear,28.0,84,0.106,359.29,1321.79,0.764,Medium
Z014,KR Puram,0,Night,False,mixed,5067,87,3,0.205,2094,1007.65,179.74,1187.39,0.567,Low,Weekday,False,Clear,28.0,87,0.241,412.24,1419.89,0.678,Low
Z014,KR Puram,1,Night,False,mixed,5067,87,3,0.205,2094,805.44,194.52,999.95,0.478,Low,Weekday,False,Clear,28.0,87,0.241,410.26,1215.7,0.581,Low
Z014,KR Puram,2,Night,False,mixed,5067,87,3,0.205,2094,824.45,200.69,1025.14,0.49,Low,Weekday,False,Clear,28.0,87,0.241,410.48,1234.93,0.59,Low
Z014,KR Puram,3,Night,False,mixed,5067,87,3,0.205,2094,840.26,243.8,1084.06,0.518,Low,Weekday,False,Clear,28.0,87,0.241,409.33,1249.59,0.597,Low
Z014,KR Puram,4,Night,False,mixed,5067,87,3,0.205,2094,991.55,194.91,1186.46,0.567,Low,Weekday,False,Clear,28.0,87,0.241,411.35,1402.9,0.67,Low
Z014,KR Puram,5,Night,False,mixed,5067,87,3,0.205,2094,841.02,176.18,1017.2,0.486,Low,Weekday,False,Clear,28.0,87,0.241,409.33,1250.35,0.597,Low
Z014,KR Puram,6,Morning,False,mixed,5067,87,3,0.205,2094,1247.68,406.75,1654.43,0.79,Medium,Weekday,False,Clear,28.0,87,0.241,410.16,1657.84,0.792,Medium
Z014,KR Puram,7,Morning,False,mixed,5067,87,3,0.205,2094,1146.15,352.19,1498.34,0.716,Low,Weekday,False,Clear,28.0,87,0.241,392.02,1538.17,0.735,Low
Z014,KR Puram,8,Morning,False,mixed,5067,87,3,0.205,2094,1150.69,328.67,1479.36,0.706,Low,Weekday,False,Clear,28.0,87,0.241,389.61,1540.3,0.736,Low
Z014,KR Puram,9,Morning,False,mixed,5067,87,3,0.205,2094,1051.91,398.66,1450.57,0.693,Low,Weekday,False,Clear,28.0,87,0.241,398.02,1449.93,0.692,Low
Z014,KR Puram,10,Day,False,mixed,5067,87,3,0.205,2094,1310.95,415.81,1726.76,0.825,Medium,Weekday,False,Clear,28.0,87,0.241,485.68,1796.63,0.858,Medium
Z014,KR Puram,11,Day,False,mixed,5067,87,3,0.205,2094,1131.74,401.41,1533.14,0.732,Low,Weekday,False,Clear,28.0,87,0.241,450.56,1582.3,0.756,Medium
Z014,KR Puram,12,Day,False,mixed,5067,87,3,0.205,2094,1110.4,520.03,1630.43,0.779,Medium,Weekday,False,Clear,28.0,87,0.241,451.44,1561.84,0.746,Low
Z014,KR Puram,13,Day,False,mixed,5067,87,3,0.205,2094,1227.99,454.78,1682.78,0.804,Medium,Weekday,False,Clear,28.0,87,0.241,464.83,1692.82,0.808,Medium
Z014,KR Puram,14,Day,False,mixed,5067,87,3,0.205,2094,1209.67,442.75,1652.42,0.789,Medium,Weekday,False,Clear,28.0,87,0.241,458.09,1667.76,0.796,Medium
Z014,KR Puram,15,Day,False,mixed,5067,87,3,0.205,2094,1278.52,502.43,1780.95,0.851,Medium,Weekday,False,Clear,28.0,87,0.241,482.8,1761.32,0.841,Medium
Z014,KR Puram,16,Day,False,mixed,5067,87,3,0.205,2094,1118.55,521.97,1640.53,0.783,Medium,Weekday,False,Clear,28.0,87,0.241,452.1,1570.65,0.75,Medium
Z014,KR Puram,17,Evening Peak,True,mixed,5067,87,3,0.205,2094,1274.15,616.93,1891.07,0.903,High,Weekday,False,Clear,28.0,87,0.241,727.37,2001.52,0.956,High
Z014,KR Puram,18,Evening Peak,True,mixed,5067,87,3,0.205,2094,1411.8,721.24,2133.04,1.019,Critical,Weekday,False,Clear,28.0,87,0.241,712.79,2124.59,1.015,Critical
Z014,KR Puram,19,Evening Peak,True,mixed,5067,87,3,0.205,2094,1313.05,731.84,2044.89,0.977,High,Weekday,False,Clear,28.0,87,0.241,710.88,2023.93,0.967,High
Z014,KR Puram,20,Evening Peak,True,mixed,5067,87,3,0.205,2094,1415.72,543.02,1958.74,0.935,High,Weekday,False,Clear,28.0,87,0.241,703.45,2119.17,1.012,Critical
Z014,KR Puram,21,Evening Peak,True,mixed,5067,87,3,0.205,2094,1329.63,522.65,1852.28,0.885,Medium,Weekday,False,Clear,28.0,87,0.241,702.24,2031.87,0.97,High
Z014,KR Puram,22,Evening Peak,True,mixed,5067,87,3,0.205,2094,1293.12,556.97,1850.09,0.884,Medium,Weekday,False,Clear,28.0,87,0.241,717.63,2010.75,0.96,High
Z014,KR Puram,23,Late Night,False,mixed,5067,87,3,0.205,2094,972.34,370.01,1342.35,0.641,Low,Weekday,False,Clear,28.0,87,0.241,405.65,1377.99,0.658,Low
Z015,Malleshwaram,0,Night,False,residential,5545,73,2,0.196,1616,611.54,241.71,853.25,0.528,Low,Weekday,False,Clear,28.0,73,0.396,248.9,860.44,0.532,Low
Z015,Malleshwaram,1,Night,False,residential,5545,73,2,0.196,1616,592.08,251.79,843.87,0.522,Low,Weekday,False,Clear,28.0,73,0.396,251.98,844.06,0.522,Low
Z015,Malleshwaram,2,Night,False,residential,5545,73,2,0.196,1616,552.56,212.29,764.85,0.473,Low,Weekday,False,Clear,28.0,73,0.396,251.51,804.07,0.498,Low
Z015,Malleshwaram,3,Night,False,residential,5545,73,2,0.196,1616,629.97,192.17,822.13,0.509,Low,Weekday,False,Clear,28.0,73,0.396,252.54,882.51,0.546,Low
Z015,Malleshwaram,4,Night,False,residential,5545,73,2,0.196,1616,637.11,283.44,920.56,0.57,Low,Weekday,False,Clear,28.0,73,0.396,252.14,889.25,0.55,Low
Z015,Malleshwaram,5,Night,False,residential,5545,73,2,0.196,1616,581.58,250.88,832.46,0.515,Low,Weekday,False,Clear,28.0,73,0.396,249.39,830.97,0.514,Low
Z015,Malleshwaram,6,Morning,False,residential,5545,73,2,0.196,1616,799.38,304.94,1104.32,0.683,Low,Weekday,False,Clear,28.0,73,0.396,323.52,1122.9,0.695,Low
Z015,Malleshwaram,7,Morning,False,residential,5545,73,2,0.196,1616,715.65,324.98,1040.63,0.644,Low,Weekday,False,Clear,28.0,73,0.396,340.75,1056.4,0.654,Low
Z015,Malleshwaram,8,Morning,False,residential,5545,73,2,0.196,1616,731.92,348.09,1080.01,0.668,Low,Weekday,False,Clear,28.0,73,0.396,324.99,1056.91,0.654,Low
Z015,Malleshwaram,9,Morning,False,residential,5545,73,2,0.196,1616,753.17,289.97,1043.14,0.646,Low,Weekday,False,Clear,28.0,73,0.396,322.03,1075.2,0.665,Low
Z015,Malleshwaram,10,Day,False,residential,5545,73,2,0.196,1616,759.78,224.28,984.06,0.609,Low,Weekday,False,Clear,28.0,73,0.396,262.17,1021.95,0.632,Low
Z015,Malleshwaram,11,Day,False,residential,5545,73,2,0.196,1616,794.76,297.42,1092.18,0.676,Low,Weekday,False,Clear,28.0,73,0.396,271.6,1066.36,0.66,Low
Z015,Malleshwaram,12,Day,False,residential,5545,73,2,0.196,1616,695.14,247.42,942.56,0.583,Low,Weekday,False,Clear,28.0,73,0.396,263.58,958.72,0.593,Low
Z015,Malleshwaram,13,Day,False,residential,5545,73,2,0.196,1616,811.78,302.38,1114.16,0.689,Low,Weekday,False,Clear,28.0,73,0.396,278.75,1090.53,0.675,Low
Z015,Malleshwaram,14,Day,False,residential,5545,73,2,0.196,1616,794.82,230.2,1025.02,0.634,Low,Weekday,False,Clear,28.0,73,0.396,276.4,1071.22,0.663,Low
Z015,Malleshwaram,15,Day,False,residential,5545,73,2,0.196,1616,713.43,258.6,972.03,0.602,Low,Weekday,False,Clear,28.0,73,0.396,267.14,980.57,0.607,Low
Z015,Malleshwaram,16,Day,False,residential,5545,73,2,0.196,1616,832.11,245.9,1078.01,0.667,Low,Weekday,False,Clear,28.0,73,0.396,291.76,1123.87,0.695,Low
Z015,Malleshwaram,17,Evening Peak,True,residential,5545,73,2,0.196,1616,915.32,825.19,1740.51,1.077,Critical,Weekday,False,Clear,28.0,73,0.396,753.58,1668.9,1.033,Critical
Z015,Malleshwaram,18,Evening Peak,True,residential,5545,73,2,0.196,1616,846.69,712.44,1559.13,0.965,High,Weekday,False,Clear,28.0,73,0.396,768.23,1614.92,0.999,High
Z015,Malleshwaram,19,Evening Peak,True,residential,5545,73,2,0.196,1616,957.58,686.87,1644.44,1.018,Critical,Weekday,False,Clear,28.0,73,0.396,774.48,1732.06,1.072,Critical
Z015,Malleshwaram,20,Evening Peak,True,residential,5545,73,2,0.196,1616,811.02,703.27,1514.29,0.937,High,Weekday,False,Clear,28.0,73,0.396,785.35,1596.37,0.988,High
Z015,Malleshwaram,21,Evening Peak,True,residential,5545,73,2,0.196,1616,901.3,720.46,1621.76,1.004,Critical,Weekday,False,Clear,28.0,73,0.396,777.78,1679.08,1.039,Critical
Z015,Malleshwaram,22,Evening Peak,True,residential,5545,73,2,0.196,1616,938.79,654.65,1593.45,0.986,High,Weekday,False,Clear,28.0,73,0.396,774.91,1713.7,1.06,Critical
Z015,Malleshwaram,23,Late Night,False,residential,5545,73,2,0.196,1616,633.25,417.52,1050.77,0.65,Low,Weekday,False,Clear,28.0,73,0.396,341.45,974.7,0.603,Low
Z016,Sarjapur Road,0,Night,False,mixed,6622,90,1,0.377,1427,543.7,337.33,881.03,0.617,Low,Weekday,False,Clear,28.0,90,0.946,476.31,1020.01,0.715,Low
Z016,Sarjapur Road,1,Night,False,mixed,6622,90,1,0.377,1427,636.92,338.96,975.88,0.684,Low,Weekday,False,Clear,28.0,90,0.946,476.31,1113.23,0.78,Medium
Z016,Sarjapur Road,2,Night,False,mixed,6622,90,1,0.377,1427,624.68,299.31,923.99,0.648,Low,Weekday,False,Clear,28.0,90,0.946,476.31,1100.99,0.772,Medium
Z016,Sarjapur Road,3,Night,False,mixed,6622,90,1,0.377,1427,576.72,235.06,811.79,0.569,Low,Weekday,False,Clear,28.0,90,0.946,476.31,1053.03,0.738,Low
Z016,Sarjapur Road,4,Night,False,mixed,6622,90,1,0.377,1427,550.72,235.68,786.4,0.551,Low,Weekday,False,Clear,28.0,90,0.946,476.31,1027.03,0.72,Low
Z016,Sarjapur Road,5,Night,False,mixed,6622,90,1,0.377,1427,569.49,237.17,806.67,0.565,Low,Weekday,False,Clear,28.0,90,0.946,476.31,1045.8,0.733,Low
Z016,Sarjapur Road,6,Morning,False,mixed,6622,90,1,0.377,1427,795.2,372.88,1168.09,0.819,Medium,Weekday,False,Clear,28.0,90,0.946,433.88,1229.08,0.861,Medium
Z016,Sarjapur Road,7,Morning,False,mixed,6622,90,1,0.377,1427,713.6,502.42,1216.03,0.852,Medium,Weekday,False,Clear,28.0,90,0.946,458.81,1172.41,0.822,Medium
Z016,Sarjapur Road,8,Morning,False,mixed,6622,90,1,0.377,1427,682.82,454.89,1137.71,0.797,Medium,Weekday,False,Clear,28.0,90,0.946,458.46,1141.28,0.8,Medium
Z016,Sarjapur Road,9,Morning,False,mixed,6622,90,1,0.377,1427,721.99,488.17,1210.16,0.848,Medium,Weekday,False,Clear,28.0,90,0.946,457.17,1179.16,0.826,Medium
Z016,Sarjapur Road,10,Day,False,mixed,6622,90,1,0.377,1427,724.16,579.11,1303.26,0.913,High,Weekday,False,Clear,28.0,90,0.946,632.37,1356.53,0.951,High
Z016,Sarjapur Road,11,Day,False,mixed,6622,90,1,0.377,1427,845.36,643.81,1489.17,1.044,Critical,Weekday,False,Clear,28.0,90,0.946,613.08,1458.44,1.022,Critical
Z016,Sarjapur Road,12,Day,False,mixed,6622,90,1,0.377,1427,721.67,624.65,1346.32,0.943,High,Weekday,False,Clear,28.0,90,0.946,606.52,1328.19,0.931,High
Z016,Sarjapur Road,13,Day,False,mixed,6622,90,1,0.377,1427,837.88,587.5,1425.38,0.999,High,Weekday,False,Clear,28.0,90,0.946,622.88,1460.76,1.024,Critical
Z016,Sarjapur Road,14,Day,False,mixed,6622,90,1,0.377,1427,829.74,516.23,1345.97,0.943,High,Weekday,False,Clear,28.0,90,0.946,624.14,1453.88,1.019,Critical
Z016,Sarjapur Road,15,Day,False,mixed,6622,90,1,0.377,1427,786.12,599.84,1385.96,0.971,High,Weekday,False,Clear,28.0,90,0.946,644.73,1430.85,1.003,Critical
Z016,Sarjapur Road,16,Day,False,mixed,6622,90,1,0.377,1427,801.76,727.33,1529.08,1.072,Critical,Weekday,False,Clear,28.0,90,0.946,632.48,1434.24,1.005,Critical
Z016,Sarjapur Road,17,Evening Peak,True,mixed,6622,90,1,0.377,1427,897.26,690.0,1587.26,1.112,Critical,Weekday,False,Clear,28.0,90,0.946,853.46,1750.72,1.227,Critical
Z016,Sarjapur Road,18,Evening Peak,True,mixed,6622,90,1,0.377,1427,968.87,735.8,1704.67,1.195,Critical,Weekday,False,Clear,28.0,90,0.946,924.64,1893.51,1.327,Critical
Z016,Sarjapur Road,19,Evening Peak,True,mixed,6622,90,1,0.377,1427,883.0,671.38,1554.38,1.089,Critical,Weekday,False,Clear,28.0,90,0.946,874.72,1757.72,1.232,Critical
Z016,Sarjapur Road,20,Evening Peak,True,mixed,6622,90,1,0.377,1427,871.88,922.28,1794.16,1.257,Critical,Weekday,False,Clear,28.0,90,0.946,896.73,1768.61,1.239,Critical
Z016,Sarjapur Road,21,Evening Peak,True,mixed,6622,90,1,0.377,1427,944.68,752.31,1696.99,1.189,Critical,Weekday,False,Clear,28.0,90,0.946,865.86,1810.54,1.269,Critical
Z016,Sarjapur Road,22,Evening Peak,True,mixed,6622,90,1,0.377,1427,933.42,887.96,1821.38,1.276,Critical,Weekday,False,Clear,28.0,90,0.946,837.37,1770.79,1.241,Critical
Z016,Sarjapur Road,23,Late Night,False,mixed,6622,90,1,0.377,1427,687.72,390.82,1078.54,0.756,Medium,Weekday,False,Clear,28.0,90,0.946,486.32,1174.04,0.823,Medium
Z017,Peenya,0,Night,False,industrial,2491,75,10,0.157,3117,1546.57,137.89,1684.46,0.54,Low,Weekday,False,Clear,28.0,75,0.036,214.47,1761.04,0.565,Low
Z017,Peenya,1,Night,False,industrial,2491,75,10,0.157,3117,1533.36,120.69,1654.04,0.531,Low,Weekday,False,Clear,28.0,75,0.036,215.53,1748.89,0.561,Low
Z017,Peenya,2,Night,False,industrial,2491,75,10,0.157,3117,1703.82,177.62,1881.43,0.604,Low,Weekday,False,Clear,28.0,75,0.036,213.3,1917.12,0.615,Low
Z017,Peenya,3,Night,False,industrial,2491,75,10,0.157,3117,1803.62,184.69,1988.32,0.638,Low,Weekday,False,Clear,28.0,75,0.036,212.86,2016.48,0.647,Low
Z017,Peenya,4,Night,False,industrial,2491,75,10,0.157,3117,1570.03,204.14,1774.17,0.569,Low,Weekday,False,Clear,28.0,75,0.036,218.75,1788.78,0.574,Low
Z017,Peenya,5,Night,False,industrial,2491,75,10,0.157,3117,1751.25,182.52,1933.77,0.62,Low,Weekday,False,Clear,28.0,75,0.036,213.79,1965.04,0.63,Low
Z017,Peenya,6,Morning,False,industrial,2491,75,10,0.157,3117,2146.68,470.86,2617.54,0.84,Medium,Weekday,False,Clear,28.0,75,0.036,479.99,2626.67,0.843,Medium
Z017,Peenya,7,Morning,False,industrial,2491,75,10,0.157,3117,2312.08,464.83,2776.91,0.891,Medium,Weekday,False,Clear,28.0,75,0.036,487.51,2799.59,0.898,Medium
Z017,Peenya,8,Morning,False,industrial,2491,75,10,0.157,3117,2179.12,414.2,2593.32,0.832,Medium,Weekday,False,Clear,28.0,75,0.036,485.76,2664.88,0.855,Medium
Z017,Peenya,9,Morning,False,industrial,2491,75,10,0.157,3117,2060.66,464.22,2524.89,0.81,Medium,Weekday,False,Clear,28.0,75,0.036,479.59,2540.25,0.815,Medium
Z017,Peenya,10,Day,False,industrial,2491,75,10,0.157,3117,2119.64,383.83,2503.47,0.803,Medium,Weekday,False,Clear,28.0,75,0.036,290.02,2409.66,0.773,Medium
Z017,Peenya,11,Day,False,industrial,2491,75,10,0.157,3117,2460.34,461.59,2921.93,0.937,High,Weekday,False,Clear,28.0,75,0.036,304.06,2764.4,0.887,Medium
Z017,Peenya,12,Day,False,industrial,2491,75,10,0.157,3117,2143.32,301.37,2444.69,0.784,Medium,Weekday,False,Clear,28.0,75,0.036,295.19,2438.51,0.782,Medium
Z017,Peenya,13,Day,False,industrial,2491,75,10,0.157,3117,2261.51,341.36,2602.86,0.835,Medium,Weekday,False,Clear,28.0,75,0.036,297.66,2559.17,0.821,Medium
Z017,Peenya,14,Day,False,industrial,2491,75,10,0.157,3117,2483.34,255.59,2738.92,0.879,Medium,Weekday,False,Clear,28.0,75,0.036,308.68,2792.02,0.896,Medium
Z017,Peenya,15,Day,False,industrial,2491,75,10,0.157,3117,2383.14,281.31,2664.45,0.855,Medium,Weekday,False,Clear,28.0,75,0.036,305.5,2688.64,0.863,Medium
Z017,Peenya,16,Day,False,industrial,2491,75,10,0.157,3117,2341.7,439.97,2781.67,0.892,Medium,Weekday,False,Clear,28.0,75,0.036,296.27,2637.97,0.846,Medium
Z017,Peenya,17,Evening Peak,True,industrial,2491,75,10,0.157,3117,2754.96,329.47,3084.43,0.99,High,Weekday,False,Clear,28.0,75,0.036,467.97,3222.93,1.034,Critical
Z017,Peenya,18,Evening Peak,True,industrial,2491,75,10,0.157,3117,2704.59,400.56,3105.15,0.996,High,Weekday,False,Clear,28.0,75,0.036,461.91,3166.5,1.016,Critical
Z017,Peenya,19,Evening Peak,True,industrial,2491,75,10,0.157,3117,2620.05,469.71,3089.77,0.991,High,Weekday,False,Clear,28.0,75,0.036,457.86,3077.91,0.987,High
Z017,Peenya,20,Evening Peak,True,industrial,2491,75,10,0.157,3117,2685.95,387.57,3073.52,0.986,High,Weekday,False,Clear,28.0,75,0.036,461.92,3147.87,1.01,Critical
Z017,Peenya,21,Evening Peak,True,industrial,2491,75,10,0.157,3117,2667.78,179.83,2847.61,0.914,High,Weekday,False,Clear,28.0,75,0.036,461.94,3129.72,1.004,Critical
Z017,Peenya,22,Evening Peak,True,industrial,2491,75,10,0.157,3117,2739.3,147.63,2886.93,0.926,High,Weekday,False,Clear,28.0,75,0.036,465.34,3204.64,1.028,Critical
Z017,Peenya,23,Late Night,False,industrial,2491,75,10,0.157,3117,1806.84,230.74,2037.58,0.654,Low,Weekday,False,Clear,28.0,75,0.036,279.99,2086.83,0.669,Low
Z018,Majestic,0,Night,False,commercial,3666,96,0,0.161,1925,761.73,147.39,909.12,0.472,Low,Weekday,False,Clear,28.0,96,0.524,310.98,1072.71,0.557,Low
Z018,Majestic,1,Night,False,commercial,3666,96,0,0.161,1925,829.43,142.64,972.07,0.505,Low,Weekday,False,Clear,28.0,96,0.524,310.18,1139.61,0.592,Low
Z018,Majestic,2,Night,False,commercial,3666,96,0,0.161,1925,771.35,121.48,892.83,0.464,Low,Weekday,False,Clear,28.0,96,0.524,310.77,1082.12,0.562,Low
Z018,Majestic,3,Night,False,commercial,3666,96,0,0.161,1925,874.71,94.96,969.67,0.504,Low,Weekday,False,Clear,28.0,96,0.524,310.08,1184.79,0.615,Low
Z018,Majestic,4,Night,False,commercial,3666,96,0,0.161,1925,769.52,110.1,879.63,0.457,Low,Weekday,False,Clear,28.0,96,0.524,310.77,1080.29,0.561,Low
Z018,Majestic,5,Night,False,commercial,3666,96,0,0.161,1925,753.43,142.48,895.92,0.465,Low,Weekday,False,Clear,28.0,96,0.524,310.38,1063.81,0.553,Low
Z018,Majestic,6,Morning,False,commercial,3666,96,0,0.161,1925,1026.35,213.09,1239.44,0.644,Low,Weekday,False,Clear,28.0,96,0.524,287.23,1313.58,0.682,Low
Z018,Majestic,7,Morning,False,commercial,3666,96,0,0.161,1925,1005.0,254.25,1259.24,0.654,Low,Weekday,False,Clear,28.0,96,0.524,286.07,1291.07,0.671,Low
Z018,Majestic,8,Morning,False,commercial,3666,96,0,0.161,1925,1143.8,276.4,1420.2,0.738,Low,Weekday,False,Clear,28.0,96,0.524,291.26,1435.06,0.745,Low
Z018,Majestic,9,Morning,False,commercial,3666,96,0,0.161,1925,969.96,225.56,1195.51,0.621,Low,Weekday,False,Clear,28.0,96,0.524,297.13,1267.09,0.658,Low
Z018,Majestic,10,Day,False,commercial,3666,96,0,0.161,1925,1028.85,585.91,1614.76,0.839,Medium,Weekday,False,Clear,28.0,96,0.524,493.12,1521.97,0.791,Medium
Z018,Majestic,11,Day,False,commercial,3666,96,0,0.161,1925,1184.19,539.65,1723.84,0.896,Medium,Weekday,False,Clear,28.0,96,0.524,522.0,1706.19,0.886,Medium
Z018,Majestic,12,Day,False,commercial,3666,96,0,0.161,1925,1011.53,473.49,1485.02,0.771,Medium,Weekday,False,Clear,28.0,96,0.524,503.39,1514.92,0.787,Medium
Z018,Majestic,13,Day,False,commercial,3666,96,0,0.161,1925,1212.87,536.99,1749.86,0.909,High,Weekday,False,Clear,28.0,96,0.524,512.75,1725.62,0.896,Medium
Z018,Majestic,14,Day,False,commercial,3666,96,0,0.161,1925,1039.62,590.57,1630.19,0.847,Medium,Weekday,False,Clear,28.0,96,0.524,519.97,1559.59,0.81,Medium
Z018,Majestic,15,Day,False,commercial,3666,96,0,0.161,1925,1111.59,580.24,1691.84,0.879,Medium,Weekday,False,Clear,28.0,96,0.524,526.4,1637.99,0.851,Medium
Z018,Majestic,16,Day,False,commercial,3666,96,0,0.161,1925,1090.19,493.49,1583.68,0.823,Medium,Weekday,False,Clear,28.0,96,0.524,525.95,1616.14,0.84,Medium
Z018,Majestic,17,Evening Peak,True,commercial,3666,96,0,0.161,1925,1240.12,423.45,1663.57,0.864,Medium,Weekday,False,Clear,28.0,96,0.524,359.25,1599.37,0.831,Medium
Z018,Majestic,18,Evening Peak,True,commercial,3666,96,0,0.161,1925,1361.45,329.66,1691.11,0.878,Medium,Weekday,False,Clear,28.0,96,0.524,360.16,1721.61,0.894,Medium
Z018,Majestic,19,Evening Peak,True,commercial,3666,96,0,0.161,1925,1259.62,323.28,1582.9,0.822,Medium,Weekday,False,Clear,28.0,96,0.524,367.1,1626.72,0.845,Medium
Z018,Majestic,20,Evening Peak,True,commercial,3666,96,0,0.161,1925,1374.95,369.43,1744.37,0.906,High,Weekday,False,Clear,28.0,96,0.524,329.99,1704.94,0.886,Medium
Z018,Majestic,21,Evening Peak,True,commercial,3666,96,0,0.161,1925,1241.94,322.86,1564.8,0.813,Medium,Weekday,False,Clear,28.0,96,0.524,342.26,1584.2,0.823,Medium
Z018,Majestic,22,Evening Peak,True,commercial,3666,96,0,0.161,1925,1271.45,184.65,1456.1,0.756,Medium,Weekday,False,Clear,28.0,96,0.524,338.4,1609.85,0.836,Medium
Z018,Majestic,23,Late Night,False,commercial,3666,96,0,0.161,1925,888.29,154.34,1042.64,0.542,Low,Weekday,False,Clear,28.0,96,0.524,331.74,1220.03,0.634,Low
Z019,Bellandur,0,Night,False,mixed,5170,93,0,0.328,1722,664.91,193.02,857.93,0.498,Low,Weekday,False,Clear,28.0,93,0.739,389.1,1054.01,0.612,Low
Z019,Bellandur,1,Night,False,mixed,5170,93,0,0.328,1722,723.45,194.67,918.12,0.533,Low,Weekday,False,Clear,28.0,93,0.739,397.98,1121.43,0.651,Low
Z019,Bellandur,2,Night,False,mixed,5170,93,0,0.328,1722,796.3,206.23,1002.53,0.582,Low,Weekday,False,Clear,28.0,93,0.739,394.12,1190.42,0.691,Low
Z019,Bellandur,3,Night,False,mixed,5170,93,0,0.328,1722,830.49,241.35,1071.84,0.622,Low,Weekday,False,Clear,28.0,93,0.739,394.51,1225.0,0.711,Low
Z019,Bellandur,4,Night,False,mixed,5170,93,0,0.328,1722,656.55,271.66,928.21,0.539,Low,Weekday,False,Clear,28.0,93,0.739,390.78,1047.33,0.608,Low
Z019,Bellandur,5,Night,False,mixed,5170,93,0,0.328,1722,829.77,219.31,1049.08,0.609,Low,Weekday,False,Clear,28.0,93,0.739,394.51,1224.28,0.711,Low
Z019,Bellandur,6,Morning,False,mixed,5170,93,0,0.328,1722,852.56,398.95,1251.51,0.727,Low,Weekday,False,Clear,28.0,93,0.739,372.87,1225.43,0.712,Low
Z019,Bellandur,7,Morning,False,mixed,5170,93,0,0.328,1722,850.17,421.04,1271.22,0.738,Low,Weekday,False,Clear,28.0,93,0.739,371.06,1221.23,0.709,Low
Z019,Bellandur,8,Morning,False,mixed,5170,93,0,0.328,1722,943.59,348.06,1291.64,0.75,Medium,Weekday,False,Clear,28.0,93,0.739,380.68,1324.27,0.769,Medium
Z019,Bellandur,9,Morning,False,mixed,5170,93,0,0.328,1722,1001.29,373.67,1374.96,0.798,Medium,Weekday,False,Clear,28.0,93,0.739,384.42,1385.71,0.805,Medium
Z019,Bellandur,10,Day,False,mixed,5170,93,0,0.328,1722,968.76,493.51,1462.27,0.849,Medium,Weekday,False,Clear,28.0,93,0.739,526.33,1495.09,0.868,Medium
Z019,Bellandur,11,Day,False,mixed,5170,93,0,0.328,1722,926.52,543.68,1470.2,0.854,Medium,Weekday,False,Clear,28.0,93,0.739,519.85,1446.37,0.84,Medium
Z019,Bellandur,12,Day,False,mixed,5170,93,0,0.328,1722,1001.25,610.31,1611.56,0.936,High,Weekday,False,Clear,28.0,93,0.739,530.22,1531.47,0.889,Medium
Z019,Bellandur,13,Day,False,mixed,5170,93,0,0.328,1722,1064.7,450.06,1514.76,0.88,Medium,Weekday,False,Clear,28.0,93,0.739,509.49,1574.19,0.914,High
Z019,Bellandur,14,Day,False,mixed,5170,93,0,0.328,1722,1069.18,451.93,1521.1,0.883,Medium,Weekday,False,Clear,28.0,93,0.739,510.92,1580.1,0.918,High
Z019,Bellandur,15,Day,False,mixed,5170,93,0,0.328,1722,1055.82,498.47,1554.28,0.903,High,Weekday,False,Clear,28.0,93,0.739,515.74,1571.56,0.913,High
Z019,Bellandur,16,Day,False,mixed,5170,93,0,0.328,1722,1089.85,510.63,1600.48,0.929,High,Weekday,False,Clear,28.0,93,0.739,516.24,1606.09,0.933,High
Z019,Bellandur,17,Evening Peak,True,mixed,5170,93,0,0.328,1722,1117.25,622.18,1739.44,1.01,Critical,Weekday,False,Clear,28.0,93,0.739,804.58,1921.83,1.116,Critical
Z019,Bellandur,18,Evening Peak,True,mixed,5170,93,0,0.328,1722,1201.7,743.45,1945.15,1.13,Critical,Weekday,False,Clear,28.0,93,0.739,789.13,1990.83,1.156,Critical
Z019,Bellandur,19,Evening Peak,True,mixed,5170,93,0,0.328,1722,1104.09,726.99,1831.08,1.063,Critical,Weekday,False,Clear,28.0,93,0.739,786.18,1890.27,1.098,Critical
Z019,Bellandur,20,Evening Peak,True,mixed,5170,93,0,0.328,1722,1147.17,682.49,1829.65,1.063,Critical,Weekday,False,Clear,28.0,93,0.739,822.83,1970.0,1.144,Critical
Z019,Bellandur,21,Evening Peak,True,mixed,5170,93,0,0.328,1722,1076.18,708.68,1784.86,1.037,Critical,Weekday,False,Clear,28.0,93,0.739,734.54,1810.72,1.052,Critical
Z019,Bellandur,22,Evening Peak,True,mixed,5170,93,0,0.328,1722,1166.7,552.22,1718.92,0.998,High,Weekday,False,Clear,28.0,93,0.739,752.93,1919.63,1.115,Critical
Z019,Bellandur,23,Late Night,False,mixed,5170,93,0,0.328,1722,823.37,309.52,1132.89,0.658,Low,Weekday,False,Clear,28.0,93,0.739,405.39,1228.76,0.714,Low
Z020,Kengeri,0,Night,False,residential,4933,68,2,0.194,1625,655.37,195.78,851.15,0.524,Low,Weekday,False,Clear,28.0,68,0.352,230.91,886.28,0.545,Low
Z020,Kengeri,1,Night,False,residential,4933,68,2,0.194,1625,800.01,220.61,1020.62,0.628,Low,Weekday,False,Clear,28.0,68,0.352,228.38,1028.39,0.633,Low
Z020,Kengeri,2,Night,False,residential,4933,68,2,0.194,1625,805.17,184.99,990.17,0.609,Low,Weekday,False,Clear,28.0,68,0.352,233.59,1038.76,0.639,Low
Z020,Kengeri,3,Night,False,residential,4933,68,2,0.194,1625,785.54,231.82,1017.36,0.626,Low,Weekday,False,Clear,28.0,68,0.352,235.77,1021.31,0.628,Low
Z020,Kengeri,4,Night,False,residential,4933,68,2,0.194,1625,701.61,178.0,879.62,0.541,Low,Weekday,False,Clear,28.0,68,0.352,236.77,938.38,0.577,Low
Z020,Kengeri,5,Night,False,residential,4933,68,2,0.194,1625,808.82,249.12,1057.94,0.651,Low,Weekday,False,Clear,28.0,68,0.352,236.56,1045.38,0.643,Low
Z020,Kengeri,6,Morning,False,residential,4933,68,2,0.194,1625,944.57,279.34,1223.91,0.753,Medium,Weekday,False,Clear,28.0,68,0.352,292.48,1237.05,0.761,Medium
Z020,Kengeri,7,Morning,False,residential,4933,68,2,0.194,1625,818.65,339.83,1158.48,0.713,Low,Weekday,False,Clear,28.0,68,0.352,283.04,1101.69,0.678,Low
Z020,Kengeri,8,Morning,False,residential,4933,68,2,0.194,1625,832.45,253.09,1085.54,0.668,Low,Weekday,False,Clear,28.0,68,0.352,284.63,1117.08,0.687,Low
Z020,Kengeri,9,Morning,False,residential,4933,68,2,0.194,1625,839.74,303.05,1142.79,0.703,Low,Weekday,False,Clear,28.0,68,0.352,287.5,1127.24,0.694,Low
Z020,Kengeri,10,Day,False,residential,4933,68,2,0.194,1625,965.86,241.37,1207.22,0.743,Low,Weekday,False,Clear,28.0,68,0.352,258.47,1224.33,0.753,Medium
Z020,Kengeri,11,Day,False,residential,4933,68,2,0.194,1625,869.73,290.05,1159.78,0.714,Low,Weekday,False,Clear,28.0,68,0.352,269.63,1139.36,0.701,Low
Z020,Kengeri,12,Day,False,residential,4933,68,2,0.194,1625,893.79,246.37,1140.16,0.702,Low,Weekday,False,Clear,28.0,68,0.352,261.66,1155.45,0.711,Low
Z020,Kengeri,13,Day,False,residential,4933,68,2,0.194,1625,875.67,295.3,1170.97,0.721,Low,Weekday,False,Clear,28.0,68,0.352,265.25,1140.92,0.702,Low
Z020,Kengeri,14,Day,False,residential,4933,68,2,0.194,1625,1015.9,311.0,1326.9,0.817,Medium,Weekday,False,Clear,28.0,68,0.352,251.96,1267.86,0.78,Medium
Z020,Kengeri,15,Day,False,residential,4933,68,2,0.194,1625,1037.51,225.69,1263.2,0.777,Medium,Weekday,False,Clear,28.0,68,0.352,247.1,1284.61,0.791,Medium
Z020,Kengeri,16,Day,False,residential,4933,68,2,0.194,1625,961.71,270.07,1231.78,0.758,Medium,Weekday,False,Clear,28.0,68,0.352,250.2,1211.91,0.746,Low
Z020,Kengeri,17,Evening Peak,True,residential,4933,68,2,0.194,1625,1185.88,687.0,1872.87,1.153,Critical,Weekday,False,Clear,28.0,68,0.352,712.62,1898.5,1.168,Critical
Z020,Kengeri,18,Evening Peak,True,residential,4933,68,2,0.194,1625,1087.64,602.15,1689.79,1.04,Critical,Weekday,False,Clear,28.0,68,0.352,755.79,1843.43,1.134,Critical
Z020,Kengeri,19,Evening Peak,True,residential,4933,68,2,0.194,1625,1075.27,513.34,1588.61,0.978,High,Weekday,False,Clear,28.0,68,0.352,753.7,1828.97,1.126,Critical
Z020,Kengeri,20,Evening Peak,True,residential,4933,68,2,0.194,1625,1149.29,661.77,1811.06,1.114,Critical,Weekday,False,Clear,28.0,68,0.352,731.89,1881.18,1.158,Critical
Z020,Kengeri,21,Evening Peak,True,residential,4933,68,2,0.194,1625,1117.34,506.54,1623.88,0.999,High,Weekday,False,Clear,28.0,68,0.352,732.53,1849.87,1.138,Critical
Z020,Kengeri,22,Evening Peak,True,residential,4933,68,2,0.194,1625,1039.88,725.59,1765.47,1.086,Critical,Weekday,False,Clear,28.0,68,0.352,767.37,1807.25,1.112,Critical
Z020,Kengeri,23,Late Night,False,residential,4933,68,2,0.194,1625,788.48,446.29,1234.77,0.76,Medium,Weekday,False,Clear,28.0,68,0.352,324.19,1112.67,0.685,Low
