zone_id,zone_name,hour,time_period,is_peak_hour,zone_type,ev_count_estimate,traffic_score,existing_chargers,demand_growth_rate,transformer_capacity_kw,base_grid_load_kw,predicted_ev_load_kw,total_load_kw,load_ratio_after_ev,risk_level,model_predicted_ev_load_kw,prediction_error_kw,prediction_error_percent
Z001,Whitefield,0,Night,False,mixed,4770,90,2,0.324,1307,618.08,224.43,842.51,0.645,Low,215.35,9.08,4.05
Z001,Whitefield,1,Night,False,mixed,4770,90,2,0.324,1307,606.32,187.18,793.49,0.607,Low,212.69,-25.51,13.63
Z001,Whitefield,2,Night,False,mixed,4770,90,2,0.324,1307,616.11,240.95,857.06,0.656,Low,225.09,15.86,6.58
Z001,Whitefield,3,Night,False,mixed,4770,90,2,0.324,1307,568.38,218.36,786.74,0.602,Low,223.58,-5.22,2.39
Z001,Whitefield,4,Night,False,mixed,4770,90,2,0.324,1307,598.1,255.2,853.3,0.653,Low,232.48,22.72,8.9
Z001,Whitefield,5,Night,False,mixed,4770,90,2,0.324,1307,534.1,214.68,748.78,0.573,Low,224.33,-9.65,4.5
Z001,Whitefield,6,Morning,False,mixed,4770,90,2,0.324,1307,779.92,396.15,1176.07,0.9,Medium,389.64,6.51,1.64
Z001,Whitefield,7,Morning,False,mixed,4770,90,2,0.324,1307,707.26,442.19,1149.45,0.879,Medium,403.25,38.94,8.81
Z001,Whitefield,8,Morning,False,mixed,4770,90,2,0.324,1307,772.36,333.68,1106.04,0.846,Medium,366.92,-33.24,9.96
Z001,Whitefield,9,Morning,False,mixed,4770,90,2,0.324,1307,659.53,338.39,997.92,0.764,Medium,377.25,-38.86,11.48
Z001,Whitefield,10,Day,False,mixed,4770,90,2,0.324,1307,805.6,553.77,1359.36,1.04,Critical,512.75,41.02,7.41
Z001,Whitefield,11,Day,False,mixed,4770,90,2,0.324,1307,748.1,464.5,1212.6,0.928,High,498.38,-33.88,7.29
Z001,Whitefield,12,Day,False,mixed,4770,90,2,0.324,1307,711.16,467.81,1178.96,0.902,High,492.52,-24.71,5.28
Z001,Whitefield,13,Day,False,mixed,4770,90,2,0.324,1307,794.08,498.74,1292.83,0.989,High,481.37,17.37,3.48
Z001,Whitefield,14,Day,False,mixed,4770,90,2,0.324,1307,798.76,477.12,1275.88,0.976,High,473.16,3.96,0.83
Z001,Whitefield,15,Day,False,mixed,4770,90,2,0.324,1307,814.81,457.37,1272.18,0.973,High,485.99,-28.62,6.26
Z001,Whitefield,16,Day,False,mixed,4770,90,2,0.324,1307,796.03,412.5,1208.53,0.925,High,467.49,-54.99,13.33
Z001,Whitefield,17,Evening Peak,True,mixed,4770,90,2,0.324,1307,807.53,753.7,1561.23,1.195,Critical,703.63,50.07,6.64
Z001,Whitefield,18,Evening Peak,True,mixed,4770,90,2,0.324,1307,914.71,732.64,1647.35,1.26,Critical,685.34,47.3,6.46
Z001,Whitefield,19,Evening Peak,True,mixed,4770,90,2,0.324,1307,893.76,542.82,1436.58,1.099,Critical,676.21,-133.39,24.57
Z001,Whitefield,20,Evening Peak,True,mixed,4770,90,2,0.324,1307,909.07,662.05,1571.11,1.202,Critical,676.26,-14.21,2.15
Z001,Whitefield,21,Evening Peak,True,mixed,4770,90,2,0.324,1307,923.9,703.61,1627.51,1.245,Critical,680.03,23.58,3.35
Z001,Whitefield,22,Evening Peak,True,mixed,4770,90,2,0.324,1307,892.29,576.54,1468.83,1.124,Critical,627.84,-51.3,8.9
Z001,Whitefield,23,Late Night,False,mixed,4770,90,2,0.324,1307,626.31,315.13,941.44,0.72,Low,342.9,-27.77,8.81
Z002,Indiranagar,0,Night,False,residential,6123,85,4,0.284,1597,772.26,241.74,1014.0,0.635,Low,265.75,-24.01,9.93
Z002,Indiranagar,1,Night,False,residential,6123,85,4,0.284,1597,664.61,269.1,933.7,0.585,Low,285.76,-16.66,6.19
Z002,Indiranagar,2,Night,False,residential,6123,85,4,0.284,1597,716.48,331.23,1047.71,0.656,Low,297.11,34.12,10.3
Z002,Indiranagar,3,Night,False,residential,6123,85,4,0.284,1597,688.13,314.14,1002.27,0.628,Low,290.76,23.38,7.44
Z002,Indiranagar,4,Night,False,residential,6123,85,4,0.284,1597,615.92,245.19,861.11,0.539,Low,258.64,-13.45,5.49
Z002,Indiranagar,5,Night,False,residential,6123,85,4,0.284,1597,698.58,247.26,945.84,0.592,Low,266.85,-19.59,7.92
Z002,Indiranagar,6,Morning,False,residential,6123,85,4,0.284,1597,828.52,393.45,1221.96,0.765,Medium,356.67,36.78,9.35
Z002,Indiranagar,7,Morning,False,residential,6123,85,4,0.284,1597,871.56,353.04,1224.59,0.767,Medium,358.14,-5.1,1.44
Z002,Indiranagar,8,Morning,False,residential,6123,85,4,0.284,1597,867.94,305.04,1172.99,0.734,Low,354.5,-49.46,16.21
Z002,Indiranagar,9,Morning,False,residential,6123,85,4,0.284,1597,980.88,433.29,1414.17,0.886,Medium,362.08,71.21,16.43
Z002,Indiranagar,10,Day,False,residential,6123,85,4,0.284,1597,896.94,402.56,1299.5,0.814,Medium,367.02,35.54,8.83
Z002,Indiranagar,11,Day,False,residential,6123,85,4,0.284,1597,981.82,314.79,1296.61,0.812,Medium,339.68,-24.89,7.91
Z002,Indiranagar,12,Day,False,residential,6123,85,4,0.284,1597,865.04,378.28,1243.32,0.779,Medium,353.28,25.0,6.61
Z002,Indiranagar,13,Day,False,residential,6123,85,4,0.284,1597,884.98,309.59,1194.57,0.748,Low,344.1,-34.51,11.15
Z002,Indiranagar,14,Day,False,residential,6123,85,4,0.284,1597,880.17,387.14,1267.31,0.794,Medium,368.07,19.07,4.93
Z002,Indiranagar,15,Day,False,residential,6123,85,4,0.284,1597,982.3,327.36,1309.67,0.82,Medium,360.14,-32.78,10.01
Z002,Indiranagar,16,Day,False,residential,6123,85,4,0.284,1597,956.83,330.52,1287.35,0.806,Medium,360.49,-29.97,9.07
Z002,Indiranagar,17,Evening Peak,True,residential,6123,85,4,0.284,1597,1066.3,694.08,1760.38,1.102,Critical,701.21,-7.13,1.03
Z002,Indiranagar,18,Evening Peak,True,residential,6123,85,4,0.284,1597,1050.13,689.6,1739.73,1.089,Critical,716.1,-26.5,3.84
Z002,Indiranagar,19,Evening Peak,True,residential,6123,85,4,0.284,1597,1098.64,774.57,1873.22,1.173,Critical,778.08,-3.51,0.45
Z002,Indiranagar,20,Evening Peak,True,residential,6123,85,4,0.284,1597,1097.41,798.39,1895.8,1.187,Critical,779.72,18.67,2.34
Z002,Indiranagar,21,Evening Peak,True,residential,6123,85,4,0.284,1597,992.34,976.53,1968.87,1.233,Critical,830.15,146.38,14.99
Z002,Indiranagar,22,Evening Peak,True,residential,6123,85,4,0.284,1597,1135.36,706.14,1841.5,1.153,Critical,759.07,-52.93,7.5
Z002,Indiranagar,23,Late Night,False,residential,6123,85,4,0.284,1597,775.01,555.11,1330.13,0.833,Medium,476.36,78.75,14.19
Z003,Koramangala,0,Night,False,mixed,4428,88,0,0.317,1832,889.91,176.58,1066.5,0.582,Low,183.28,-6.7,3.79
Z003,Koramangala,1,Night,False,mixed,4428,88,0,0.317,1832,901.19,185.9,1087.09,0.593,Low,185.51,0.39,0.21
Z003,Koramangala,2,Night,False,mixed,4428,88,0,0.317,1832,974.23,233.46,1207.7,0.659,Low,205.25,28.21,12.08
Z003,Koramangala,3,Night,False,mixed,4428,88,0,0.317,1832,909.16,167.92,1077.09,0.588,Low,186.85,-18.93,11.27
Z003,Koramangala,4,Night,False,mixed,4428,88,0,0.317,1832,843.96,226.97,1070.94,0.585,Low,208.62,18.35,8.08
Z003,Koramangala,5,Night,False,mixed,4428,88,0,0.317,1832,960.46,172.96,1133.42,0.619,Low,190.66,-17.7,10.23
Z003,Koramangala,6,Morning,False,mixed,4428,88,0,0.317,1832,1070.77,295.27,1366.04,0.746,Low,333.82,-38.55,13.06
Z003,Koramangala,7,Morning,False,mixed,4428,88,0,0.317,1832,1104.4,388.92,1493.32,0.815,Medium,340.86,48.06,12.36
Z003,Koramangala,8,Morning,False,mixed,4428,88,0,0.317,1832,1091.55,376.36,1467.91,0.801,Medium,334.47,41.89,11.13
Z003,Koramangala,9,Morning,False,mixed,4428,88,0,0.317,1832,1138.85,333.16,1472.01,0.803,Medium,333.83,-0.67,0.2
Z003,Koramangala,10,Day,False,mixed,4428,88,0,0.317,1832,1114.84,378.22,1493.06,0.815,Medium,447.42,-69.2,18.3
Z003,Koramangala,11,Day,False,mixed,4428,88,0,0.317,1832,1312.68,527.39,1840.07,1.004,Critical,503.81,23.58,4.47
Z003,Koramangala,12,Day,False,mixed,4428,88,0,0.317,1832,1288.4,512.63,1801.03,0.983,High,503.0,9.63,1.88
Z003,Koramangala,13,Day,False,mixed,4428,88,0,0.317,1832,1151.01,502.99,1654.0,0.903,High,466.1,36.89,7.33
Z003,Koramangala,14,Day,False,mixed,4428,88,0,0.317,1832,1164.8,401.28,1566.08,0.855,Medium,439.21,-37.93,9.45
Z003,Koramangala,15,Day,False,mixed,4428,88,0,0.317,1832,1138.23,500.85,1639.08,0.895,Medium,454.58,46.27,9.24
Z003,Koramangala,16,Day,False,mixed,4428,88,0,0.317,1832,1104.84,479.56,1584.39,0.865,Medium,470.72,8.84,1.84
Z003,Koramangala,17,Evening Peak,True,mixed,4428,88,0,0.317,1832,1297.6,667.05,1964.65,1.072,Critical,623.62,43.43,6.51
Z003,Koramangala,18,Evening Peak,True,mixed,4428,88,0,0.317,1832,1301.7,587.79,1889.49,1.031,Critical,612.86,-25.07,4.27
Z003,Koramangala,19,Evening Peak,True,mixed,4428,88,0,0.317,1832,1487.02,585.05,2072.07,1.131,Critical,596.53,-11.48,1.96
Z003,Koramangala,20,Evening Peak,True,mixed,4428,88,0,0.317,1832,1258.08,522.54,1780.62,0.972,High,621.55,-99.01,18.95
Z003,Koramangala,21,Evening Peak,True,mixed,4428,88,0,0.317,1832,1416.71,523.13,1939.84,1.059,Critical,576.99,-53.86,10.3
Z003,Koramangala,22,Evening Peak,True,mixed,4428,88,0,0.317,1832,1420.68,607.85,2028.53,1.107,Critical,572.48,35.37,5.82
Z003,Koramangala,23,Late Night,False,mixed,4428,88,0,0.317,1832,1040.39,356.01,1396.4,0.762,Medium,328.62,27.39,7.69
Z004,Electronic City,0,Night,False,industrial,3249,82,2,0.359,3166,1240.85,161.55,1402.39,0.443,Low,175.17,-13.62,8.43
Z004,Electronic City,1,Night,False,industrial,3249,82,2,0.359,3166,1338.66,169.62,1508.28,0.476,Low,177.51,-7.89,4.65
Z004,Electronic City,2,Night,False,industrial,3249,82,2,0.359,3166,1436.02,225.29,1661.31,0.525,Low,198.71,26.58,11.8
Z004,Electronic City,3,Night,False,industrial,3249,82,2,0.359,3166,1532.15,144.85,1677.0,0.53,Low,195.61,-50.76,35.04
Z004,Electronic City,4,Night,False,industrial,3249,82,2,0.359,3166,1425.42,144.5,1569.92,0.496,Low,196.86,-52.36,36.24
Z004,Electronic City,5,Night,False,industrial,3249,82,2,0.359,3166,1346.56,235.48,1582.05,0.5,Low,194.05,41.43,17.59
Z004,Electronic City,6,Morning,False,industrial,3249,82,2,0.359,3166,1902.17,561.2,2463.37,0.778,Medium,468.28,92.92,16.56
Z004,Electronic City,7,Morning,False,industrial,3249,82,2,0.359,3166,1847.76,406.14,2253.9,0.712,Low,474.87,-68.73,16.92
Z004,Electronic City,8,Morning,False,industrial,3249,82,2,0.359,3166,1864.15,542.99,2407.14,0.76,Medium,478.66,64.33,11.85
Z004,Electronic City,9,Morning,False,industrial,3249,82,2,0.359,3166,1754.54,554.18,2308.72,0.729,Low,474.35,79.83,14.41
Z004,Electronic City,10,Day,False,industrial,3249,82,2,0.359,3166,1872.84,487.81,2360.65,0.746,Low,402.0,85.81,17.59
Z004,Electronic City,11,Day,False,industrial,3249,82,2,0.359,3166,1807.8,562.48,2370.27,0.749,Low,467.03,95.45,16.97
Z004,Electronic City,12,Day,False,industrial,3249,82,2,0.359,3166,1818.08,296.01,2114.1,0.668,Low,377.46,-81.45,27.52
Z004,Electronic City,13,Day,False,industrial,3249,82,2,0.359,3166,1925.29,341.79,2267.08,0.716,Low,337.73,4.06,1.19
Z004,Electronic City,14,Day,False,industrial,3249,82,2,0.359,3166,1675.93,323.67,1999.6,0.632,Low,390.96,-67.29,20.79
Z004,Electronic City,15,Day,False,industrial,3249,82,2,0.359,3166,1954.15,298.0,2252.15,0.711,Low,328.24,-30.24,10.15
Z004,Electronic City,16,Day,False,industrial,3249,82,2,0.359,3166,1989.5,407.48,2396.98,0.757,Medium,371.4,36.08,8.85
Z004,Electronic City,17,Evening Peak,True,industrial,3249,82,2,0.359,3166,1983.13,385.95,2369.08,0.748,Low,425.0,-39.05,10.12
Z004,Electronic City,18,Evening Peak,True,industrial,3249,82,2,0.359,3166,1947.08,396.42,2343.5,0.74,Low,421.03,-24.61,6.21
Z004,Electronic City,19,Evening Peak,True,industrial,3249,82,2,0.359,3166,2143.7,493.21,2636.91,0.833,Medium,454.31,38.9,7.89
Z004,Electronic City,20,Evening Peak,True,industrial,3249,82,2,0.359,3166,2043.45,495.01,2538.47,0.802,Medium,443.34,51.67,10.44
Z004,Electronic City,21,Evening Peak,True,industrial,3249,82,2,0.359,3166,2239.12,169.81,2408.92,0.761,Medium,291.11,-121.3,71.43
Z004,Electronic City,22,Evening Peak,True,industrial,3249,82,2,0.359,3166,2013.64,198.24,2211.88,0.699,Low,215.89,-17.65,8.9
Z004,Electronic City,23,Late Night,False,industrial,3249,82,2,0.359,3166,1490.83,174.7,1665.52,0.526,Low,312.22,-137.52,78.72
Z005,MG Road,0,Night,False,commercial,3921,92,2,0.19,2000,1104.2,104.19,1208.39,0.604,Low,129.88,-25.69,24.66
Z005,MG Road,1,Night,False,commercial,3921,92,2,0.19,2000,966.15,154.74,1120.9,0.56,Low,134.27,20.47,13.23
Z005,MG Road,2,Night,False,commercial,3921,92,2,0.19,2000,1197.78,171.33,1369.11,0.685,Low,150.55,20.78,12.13
Z005,MG Road,3,Night,False,commercial,3921,92,2,0.19,2000,1185.62,154.73,1340.36,0.67,Low,141.9,12.83,8.29
Z005,MG Road,4,Night,False,commercial,3921,92,2,0.19,2000,1178.88,102.92,1281.81,0.641,Low,125.79,-22.87,22.22
Z005,MG Road,5,Night,False,commercial,3921,92,2,0.19,2000,1101.41,157.2,1258.62,0.629,Low,119.83,37.37,23.77
Z005,MG Road,6,Morning,False,commercial,3921,92,2,0.19,2000,1356.23,280.57,1636.8,0.818,Medium,286.11,-5.54,1.97
Z005,MG Road,7,Morning,False,commercial,3921,92,2,0.19,2000,1284.45,271.41,1555.85,0.778,Medium,269.25,2.16,0.8
Z005,MG Road,8,Morning,False,commercial,3921,92,2,0.19,2000,1311.6,259.64,1571.24,0.786,Medium,271.42,-11.78,4.54
Z005,MG Road,9,Morning,False,commercial,3921,92,2,0.19,2000,1339.38,271.57,1610.95,0.805,Medium,266.9,4.67,1.72
Z005,MG Road,10,Day,False,commercial,3921,92,2,0.19,2000,1403.57,668.49,2072.05,1.036,Critical,569.98,98.51,14.74
Z005,MG Road,11,Day,False,commercial,3921,92,2,0.19,2000,1457.41,513.11,1970.53,0.985,High,542.47,-29.36,5.72
Z005,MG Road,12,Day,False,commercial,3921,92,2,0.19,2000,1564.99,597.95,2162.94,1.081,Critical,547.06,50.89,8.51
Z005,MG Road,13,Day,False,commercial,3921,92,2,0.19,2000,1472.57,556.08,2028.65,1.014,Critical,535.5,20.58,3.7
Z005,MG Road,14,Day,False,commercial,3921,92,2,0.19,2000,1531.73,497.77,2029.5,1.015,Critical,517.43,-19.66,3.95
Z005,MG Road,15,Day,False,commercial,3921,92,2,0.19,2000,1568.55,478.53,2047.08,1.024,Critical,513.24,-34.71,7.25
Z005,MG Road,16,Day,False,commercial,3921,92,2,0.19,2000,1344.53,558.7,1903.23,0.952,High,513.47,45.23,8.1
Z005,MG Road,17,Evening Peak,True,commercial,3921,92,2,0.19,2000,1810.01,500.46,2310.47,1.155,Critical,381.19,119.27,23.83
Z005,MG Road,18,Evening Peak,True,commercial,3921,92,2,0.19,2000,1770.49,377.84,2148.33,1.074,Critical,378.14,-0.3,0.08
Z005,MG Road,19,Evening Peak,True,commercial,3921,92,2,0.19,2000,1768.8,395.03,2163.84,1.082,Critical,384.77,10.26,2.6
Z005,MG Road,20,Evening Peak,True,commercial,3921,92,2,0.19,2000,1708.81,307.91,2016.71,1.008,Critical,351.46,-43.55,14.14
Z005,MG Road,21,Evening Peak,True,commercial,3921,92,2,0.19,2000,1586.27,364.46,1950.73,0.975,High,267.29,97.17,26.66
Z005,MG Road,22,Evening Peak,True,commercial,3921,92,2,0.19,2000,1672.5,192.63,1865.12,0.933,High,220.38,-27.75,14.41
Z005,MG Road,23,Late Night,False,commercial,3921,92,2,0.19,2000,1272.64,185.86,1458.51,0.729,Low,221.65,-35.79,19.26
Z006,Jayanagar,0,Night,False,residential,5653,75,7,0.23,1234,633.88,216.95,850.82,0.689,Low,256.11,-39.16,18.05
Z006,Jayanagar,1,Night,False,residential,5653,75,7,0.23,1234,506.0,287.96,793.95,0.643,Low,285.54,2.42,0.84
Z006,Jayanagar,2,Night,False,residential,5653,75,7,0.23,1234,610.09,286.32,896.41,0.726,Low,276.34,9.98,3.49
Z006,Jayanagar,3,Night,False,residential,5653,75,7,0.23,1234,628.89,294.31,923.2,0.748,Low,275.37,18.94,6.44
Z006,Jayanagar,4,Night,False,residential,5653,75,7,0.23,1234,547.91,239.87,787.79,0.638,Low,256.93,-17.06,7.11
Z006,Jayanagar,5,Night,False,residential,5653,75,7,0.23,1234,515.1,320.92,836.03,0.677,Low,280.29,40.63,12.66
Z006,Jayanagar,6,Morning,False,residential,5653,75,7,0.23,1234,702.41,379.81,1082.22,0.877,Medium,376.36,3.45,0.91
Z006,Jayanagar,7,Morning,False,residential,5653,75,7,0.23,1234,786.22,382.15,1168.37,0.947,High,364.52,17.63,4.61
Z006,Jayanagar,8,Morning,False,residential,5653,75,7,0.23,1234,701.36,418.62,1119.98,0.908,High,382.52,36.1,8.62
Z006,Jayanagar,9,Morning,False,residential,5653,75,7,0.23,1234,788.5,319.59,1108.09,0.898,Medium,338.44,-18.85,5.9
Z006,Jayanagar,10,Day,False,residential,5653,75,7,0.23,1234,778.78,270.35,1049.13,0.85,Medium,287.98,-17.63,6.52
Z006,Jayanagar,11,Day,False,residential,5653,75,7,0.23,1234,786.21,253.03,1039.24,0.842,Medium,280.3,-27.27,10.78
Z006,Jayanagar,12,Day,False,residential,5653,75,7,0.23,1234,807.33,286.06,1093.39,0.886,Medium,289.59,-3.53,1.23
Z006,Jayanagar,13,Day,False,residential,5653,75,7,0.23,1234,749.25,303.8,1053.06,0.853,Medium,290.16,13.64,4.49
Z006,Jayanagar,14,Day,False,residential,5653,75,7,0.23,1234,800.64,282.93,1083.58,0.878,Medium,297.44,-14.51,5.13
Z006,Jayanagar,15,Day,False,residential,5653,75,7,0.23,1234,815.49,298.6,1114.08,0.903,High,307.77,-9.17,3.07
Z006,Jayanagar,16,Day,False,residential,5653,75,7,0.23,1234,698.33,377.63,1075.97,0.872,Medium,336.4,41.23,10.92
Z006,Jayanagar,17,Evening Peak,True,residential,5653,75,7,0.23,1234,894.46,702.87,1597.32,1.294,Critical,691.31,11.56,1.64
Z006,Jayanagar,18,Evening Peak,True,residential,5653,75,7,0.23,1234,800.3,680.18,1480.48,1.2,Critical,702.8,-22.62,3.33
Z006,Jayanagar,19,Evening Peak,True,residential,5653,75,7,0.23,1234,913.66,737.15,1650.81,1.338,Critical,728.86,8.29,1.12
Z006,Jayanagar,20,Evening Peak,True,residential,5653,75,7,0.23,1234,895.39,611.64,1507.03,1.221,Critical,699.19,-87.55,14.31
Z006,Jayanagar,21,Evening Peak,True,residential,5653,75,7,0.23,1234,803.73,851.02,1654.75,1.341,Critical,800.41,50.61,5.95
Z006,Jayanagar,22,Evening Peak,True,residential,5653,75,7,0.23,1234,832.06,839.99,1672.05,1.355,Critical,797.11,42.88,5.1
Z006,Jayanagar,23,Late Night,False,residential,5653,75,7,0.23,1234,659.57,535.23,1194.8,0.968,High,480.2,55.03,10.28
Z007,Hebbal,0,Night,False,mixed,6348,95,1,0.299,1741,840.16,276.15,1116.31,0.641,Low,254.13,22.02,7.97
Z007,Hebbal,1,Night,False,mixed,6348,95,1,0.299,1741,734.54,204.06,938.6,0.539,Low,243.5,-39.44,19.33
Z007,Hebbal,2,Night,False,mixed,6348,95,1,0.299,1741,850.18,279.36,1129.53,0.649,Low,259.72,19.64,7.03
Z007,Hebbal,3,Night,False,mixed,6348,95,1,0.299,1741,724.63,269.44,994.07,0.571,Low,258.77,10.67,3.96
Z007,Hebbal,4,Night,False,mixed,6348,95,1,0.299,1741,749.22,294.42,1043.64,0.599,Low,240.8,53.62,18.21
Z007,Hebbal,5,Night,False,mixed,6348,95,1,0.299,1741,821.74,198.01,1019.75,0.586,Low,225.64,-27.63,13.95
Z007,Hebbal,6,Morning,False,mixed,6348,95,1,0.299,1741,913.41,479.1,1392.51,0.8,Medium,427.47,51.63,10.78
Z007,Hebbal,7,Morning,False,mixed,6348,95,1,0.299,1741,941.24,352.24,1293.48,0.743,Low,396.52,-44.28,12.57
Z007,Hebbal,8,Morning,False,mixed,6348,95,1,0.299,1741,1112.95,428.19,1541.14,0.885,Medium,416.14,12.05,2.81
Z007,Hebbal,9,Morning,False,mixed,6348,95,1,0.299,1741,1039.83,408.02,1447.85,0.832,Medium,416.4,-8.38,2.05
Z007,Hebbal,10,Day,False,mixed,6348,95,1,0.299,1741,1158.91,522.1,1681.01,0.966,High,492.99,29.11,5.58
Z007,Hebbal,11,Day,False,mixed,6348,95,1,0.299,1741,1106.51,615.29,1721.8,0.989,High,508.49,106.8,17.36
Z007,Hebbal,12,Day,False,mixed,6348,95,1,0.299,1741,989.19,549.07,1538.26,0.884,Medium,542.24,6.83,1.24
Z007,Hebbal,13,Day,False,mixed,6348,95,1,0.299,1741,1058.5,460.02,1518.53,0.872,Medium,492.86,-32.84,7.14
Z007,Hebbal,14,Day,False,mixed,6348,95,1,0.299,1741,1016.77,512.78,1529.56,0.879,Medium,519.6,-6.82,1.33
Z007,Hebbal,15,Day,False,mixed,6348,95,1,0.299,1741,1087.62,573.13,1660.75,0.954,High,526.34,46.79,8.16
Z007,Hebbal,16,Day,False,mixed,6348,95,1,0.299,1741,1044.59,506.84,1551.43,0.891,Medium,519.84,-13.0,2.56
Z007,Hebbal,17,Evening Peak,True,mixed,6348,95,1,0.299,1741,1184.67,610.74,1795.4,1.031,Critical,658.62,-47.88,7.84
Z007,Hebbal,18,Evening Peak,True,mixed,6348,95,1,0.299,1741,1218.1,678.93,1897.03,1.09,Critical,693.18,-14.25,2.1
Z007,Hebbal,19,Evening Peak,True,mixed,6348,95,1,0.299,1741,1237.6,827.6,2065.2,1.186,Critical,769.05,58.55,7.07
Z007,Hebbal,20,Evening Peak,True,mixed,6348,95,1,0.299,1741,1256.04,724.97,1981.01,1.138,Critical,747.78,-22.81,3.15
Z007,Hebbal,21,Evening Peak,True,mixed,6348,95,1,0.299,1741,1234.06,744.8,1978.86,1.137,Critical,743.93,0.87,0.12
Z007,Hebbal,22,Evening Peak,True,mixed,6348,95,1,0.299,1741,1193.95,779.73,1973.67,1.134,Critical,739.57,40.16,5.15
Z007,Hebbal,23,Late Night,False,mixed,6348,95,1,0.299,1741,939.47,450.5,1389.97,0.798,Medium,414.03,36.47,8.1
Z008,Yelahanka,0,Night,False,residential,5700,70,7,0.132,1104,512.76,277.88,790.64,0.716,Low,267.88,10.0,3.6
Z008,Yelahanka,1,Night,False,residential,5700,70,7,0.132,1104,555.88,239.22,795.1,0.72,Low,247.98,-8.76,3.66
Z008,Yelahanka,2,Night,False,residential,5700,70,7,0.132,1104,451.8,272.73,724.53,0.656,Low,262.79,9.94,3.64
Z008,Yelahanka,3,Night,False,residential,5700,70,7,0.132,1104,480.16,224.48,704.65,0.638,Low,255.59,-31.11,13.86
Z008,Yelahanka,4,Night,False,residential,5700,70,7,0.132,1104,484.69,261.15,745.84,0.676,Low,254.39,6.76,2.59
Z008,Yelahanka,5,Night,False,residential,5700,70,7,0.132,1104,554.5,286.01,840.51,0.761,Medium,243.91,42.1,14.72
Z008,Yelahanka,6,Morning,False,residential,5700,70,7,0.132,1104,598.89,318.87,917.76,0.831,Medium,317.6,1.27,0.4
Z008,Yelahanka,7,Morning,False,residential,5700,70,7,0.132,1104,627.63,397.57,1025.2,0.929,High,319.84,77.73,19.55
Z008,Yelahanka,8,Morning,False,residential,5700,70,7,0.132,1104,683.01,311.16,994.17,0.901,High,321.43,-10.27,3.3
Z008,Yelahanka,9,Morning,False,residential,5700,70,7,0.132,1104,673.94,317.8,991.74,0.898,Medium,309.83,7.97,2.51
Z008,Yelahanka,10,Day,False,residential,5700,70,7,0.132,1104,613.46,257.64,871.09,0.789,Medium,262.11,-4.47,1.73
Z008,Yelahanka,11,Day,False,residential,5700,70,7,0.132,1104,634.27,263.01,897.28,0.813,Medium,265.89,-2.88,1.1
Z008,Yelahanka,12,Day,False,residential,5700,70,7,0.132,1104,746.52,307.09,1053.61,0.954,High,260.24,46.85,15.26
Z008,Yelahanka,13,Day,False,residential,5700,70,7,0.132,1104,746.68,247.86,994.55,0.901,High,260.65,-12.79,5.16
Z008,Yelahanka,14,Day,False,residential,5700,70,7,0.132,1104,665.39,250.81,916.2,0.83,Medium,261.33,-10.52,4.19
Z008,Yelahanka,15,Day,False,residential,5700,70,7,0.132,1104,670.99,272.2,943.19,0.854,Medium,273.09,-0.89,0.33
Z008,Yelahanka,16,Day,False,residential,5700,70,7,0.132,1104,636.61,312.89,949.49,0.86,Medium,297.45,15.44,4.93
Z008,Yelahanka,17,Evening Peak,True,residential,5700,70,7,0.132,1104,745.67,672.62,1418.29,1.285,Critical,724.28,-51.66,7.68
Z008,Yelahanka,18,Evening Peak,True,residential,5700,70,7,0.132,1104,793.76,689.08,1482.83,1.343,Critical,727.03,-37.95,5.51
Z008,Yelahanka,19,Evening Peak,True,residential,5700,70,7,0.132,1104,747.14,837.01,1584.14,1.435,Critical,771.58,65.43,7.82
Z008,Yelahanka,20,Evening Peak,True,residential,5700,70,7,0.132,1104,802.28,801.77,1604.06,1.453,Critical,783.45,18.32,2.28
Z008,Yelahanka,21,Evening Peak,True,residential,5700,70,7,0.132,1104,721.9,697.12,1419.02,1.285,Critical,784.26,-87.14,12.5
Z008,Yelahanka,22,Evening Peak,True,residential,5700,70,7,0.132,1104,760.03,820.91,1580.95,1.432,Critical,793.98,26.93,3.28
Z008,Yelahanka,23,Late Night,False,residential,5700,70,7,0.132,1104,588.4,470.73,1059.13,0.959,High,448.7,22.03,4.68
Z009,BTM Layout,0,Night,False,residential,4896,80,3,0.109,1048,454.22,237.66,691.88,0.66,Low,215.87,21.79,9.17
Z009,BTM Layout,1,Night,False,residential,4896,80,3,0.109,1048,392.09,220.04,612.13,0.584,Low,209.58,10.46,4.75
Z009,BTM Layout,2,Night,False,residential,4896,80,3,0.109,1048,366.36,220.94,587.31,0.56,Low,223.23,-2.29,1.04
Z009,BTM Layout,3,Night,False,residential,4896,80,3,0.109,1048,423.79,185.06,608.85,0.581,Low,200.54,-15.48,8.36
Z009,BTM Layout,4,Night,False,residential,4896,80,3,0.109,1048,375.82,184.17,560.0,0.534,Low,195.36,-11.19,6.08
Z009,BTM Layout,5,Night,False,residential,4896,80,3,0.109,1048,403.84,203.72,607.56,0.58,Low,205.89,-2.17,1.07
Z009,BTM Layout,6,Morning,False,residential,4896,80,3,0.109,1048,464.9,267.84,732.74,0.699,Low,290.51,-22.67,8.46
Z009,BTM Layout,7,Morning,False,residential,4896,80,3,0.109,1048,533.31,332.24,865.54,0.826,Medium,324.5,7.74,2.33
Z009,BTM Layout,8,Morning,False,residential,4896,80,3,0.109,1048,516.24,322.31,838.56,0.8,Medium,320.74,1.57,0.49
Z009,BTM Layout,9,Morning,False,residential,4896,80,3,0.109,1048,542.8,337.2,880.0,0.84,Medium,316.14,21.06,6.25
Z009,BTM Layout,10,Day,False,residential,4896,80,3,0.109,1048,586.05,220.71,806.76,0.77,Medium,252.31,-31.6,14.32
Z009,BTM Layout,11,Day,False,residential,4896,80,3,0.109,1048,539.46,260.63,800.08,0.763,Medium,267.1,-6.47,2.48
Z009,BTM Layout,12,Day,False,residential,4896,80,3,0.109,1048,597.3,288.1,885.4,0.845,Medium,269.75,18.35,6.37
Z009,BTM Layout,13,Day,False,residential,4896,80,3,0.109,1048,571.53,268.69,840.22,0.802,Medium,263.02,5.67,2.11
Z009,BTM Layout,14,Day,False,residential,4896,80,3,0.109,1048,504.93,214.82,719.75,0.687,Low,253.89,-39.07,18.19
Z009,BTM Layout,15,Day,False,residential,4896,80,3,0.109,1048,544.88,294.89,839.76,0.801,Medium,277.09,17.8,6.04
Z009,BTM Layout,16,Day,False,residential,4896,80,3,0.109,1048,598.19,251.4,849.58,0.811,Medium,289.18,-37.78,15.03
Z009,BTM Layout,17,Evening Peak,True,residential,4896,80,3,0.109,1048,582.56,672.38,1254.95,1.197,Critical,670.52,1.86,0.28
Z009,BTM Layout,18,Evening Peak,True,residential,4896,80,3,0.109,1048,674.28,667.98,1342.26,1.281,Critical,674.16,-6.18,0.93
Z009,BTM Layout,19,Evening Peak,True,residential,4896,80,3,0.109,1048,614.0,501.85,1115.85,1.065,Critical,667.08,-165.23,32.92
Z009,BTM Layout,20,Evening Peak,True,residential,4896,80,3,0.109,1048,647.04,708.4,1355.45,1.293,Critical,686.83,21.57,3.04
Z009,BTM Layout,21,Evening Peak,True,residential,4896,80,3,0.109,1048,667.81,717.17,1384.98,1.322,Critical,690.32,26.85,3.74
Z009,BTM Layout,22,Evening Peak,True,residential,4896,80,3,0.109,1048,578.65,580.87,1159.52,1.106,Critical,643.51,-62.64,10.78
Z009,BTM Layout,23,Late Night,False,residential,4896,80,3,0.109,1048,479.78,329.94,809.72,0.773,Medium,381.29,-51.35,15.56
Z010,Rajajinagar,0,Night,False,mixed,6243,78,4,0.188,2110,1124.78,174.39,1299.16,0.616,Low,220.16,-45.77,26.25
Z010,Rajajinagar,1,Night,False,mixed,6243,78,4,0.188,2110,1187.31,242.33,1429.64,0.678,Low,223.04,19.29,7.96
Z010,Rajajinagar,2,Night,False,mixed,6243,78,4,0.188,2110,1175.04,223.05,1398.08,0.663,Low,226.75,-3.7,1.66
Z010,Rajajinagar,3,Night,False,mixed,6243,78,4,0.188,2110,1016.42,238.18,1254.6,0.595,Low,228.06,10.12,4.25
Z010,Rajajinagar,4,Night,False,mixed,6243,78,4,0.188,2110,1009.51,264.54,1274.05,0.604,Low,227.05,37.49,14.17
Z010,Rajajinagar,5,Night,False,mixed,6243,78,4,0.188,2110,955.09,218.61,1173.7,0.556,Low,221.88,-3.27,1.5
Z010,Rajajinagar,6,Morning,False,mixed,6243,78,4,0.188,2110,1448.45,430.94,1879.39,0.891,Medium,390.38,40.56,9.41
Z010,Rajajinagar,7,Morning,False,mixed,6243,78,4,0.188,2110,1334.03,346.25,1680.28,0.796,Medium,382.59,-36.34,10.5
Z010,Rajajinagar,8,Morning,False,mixed,6243,78,4,0.188,2110,1502.91,413.06,1915.97,0.908,High,404.54,8.52,2.06
Z010,Rajajinagar,9,Morning,False,mixed,6243,78,4,0.188,2110,1329.57,432.68,1762.25,0.835,Medium,411.8,20.88,4.83
Z010,Rajajinagar,10,Day,False,mixed,6243,78,4,0.188,2110,1327.28,459.69,1786.97,0.847,Medium,470.06,-10.37,2.26
Z010,Rajajinagar,11,Day,False,mixed,6243,78,4,0.188,2110,1346.65,423.89,1770.54,0.839,Medium,478.12,-54.23,12.79
Z010,Rajajinagar,12,Day,False,mixed,6243,78,4,0.188,2110,1470.53,477.92,1948.45,0.923,High,508.59,-30.67,6.42
Z010,Rajajinagar,13,Day,False,mixed,6243,78,4,0.188,2110,1563.52,556.52,2120.04,1.005,Critical,533.32,23.2,4.17
Z010,Rajajinagar,14,Day,False,mixed,6243,78,4,0.188,2110,1370.29,559.11,1929.4,0.914,High,543.36,15.75,2.82
Z010,Rajajinagar,15,Day,False,mixed,6243,78,4,0.188,2110,1381.98,583.03,1965.01,0.931,High,553.76,29.27,5.02
Z010,Rajajinagar,16,Day,False,mixed,6243,78,4,0.188,2110,1501.4,536.03,2037.43,0.966,High,533.89,2.14,0.4
Z010,Rajajinagar,17,Evening Peak,True,mixed,6243,78,4,0.188,2110,1589.34,608.96,2198.3,1.042,Critical,660.7,-51.74,8.5
Z010,Rajajinagar,18,Evening Peak,True,mixed,6243,78,4,0.188,2110,1548.12,771.62,2319.74,1.099,Critical,693.29,78.33,10.15
Z010,Rajajinagar,19,Evening Peak,True,mixed,6243,78,4,0.188,2110,1664.41,799.52,2463.93,1.168,Critical,744.75,54.77,6.85
Z010,Rajajinagar,20,Evening Peak,True,mixed,6243,78,4,0.188,2110,1629.15,729.9,2359.06,1.118,Critical,722.69,7.21,0.99
Z010,Rajajinagar,21,Evening Peak,True,mixed,6243,78,4,0.188,2110,1696.8,817.67,2514.47,1.192,Critical,703.66,114.01,13.94
Z010,Rajajinagar,22,Evening Peak,True,mixed,6243,78,4,0.188,2110,1729.17,612.83,2341.99,1.11,Critical,689.03,-76.2,12.43
Z010,Rajajinagar,23,Late Night,False,mixed,6243,78,4,0.188,2110,1095.89,405.66,1501.55,0.712,Low,397.17,8.49,2.09
Z011,Marathahalli,0,Night,False,mixed,5029,94,0,0.315,2112,942.94,200.88,1143.82,0.542,Low,186.91,13.97,6.95
Z011,Marathahalli,1,Night,False,mixed,5029,94,0,0.315,2112,1054.97,166.71,1221.68,0.578,Low,176.07,-9.36,5.61
Z011,Marathahalli,2,Night,False,mixed,5029,94,0,0.315,2112,876.11,171.98,1048.1,0.496,Low,183.2,-11.22,6.52
Z011,Marathahalli,3,Night,False,mixed,5029,94,0,0.315,2112,943.78,188.76,1132.54,0.536,Low,190.55,-1.79,0.95
Z011,Marathahalli,4,Night,False,mixed,5029,94,0,0.315,2112,842.42,196.5,1038.92,0.492,Low,197.31,-0.81,0.41
Z011,Marathahalli,5,Night,False,mixed,5029,94,0,0.315,2112,989.42,183.83,1173.25,0.556,Low,188.41,-4.58,2.49
Z011,Marathahalli,6,Morning,False,mixed,5029,94,0,0.315,2112,1163.82,336.17,1499.99,0.71,Low,354.63,-18.46,5.49
Z011,Marathahalli,7,Morning,False,mixed,5029,94,0,0.315,2112,1093.13,382.3,1475.44,0.699,Low,361.51,20.79,5.44
Z011,Marathahalli,8,Morning,False,mixed,5029,94,0,0.315,2112,1192.4,359.3,1551.7,0.735,Low,352.45,6.85,1.91
Z011,Marathahalli,9,Morning,False,mixed,5029,94,0,0.315,2112,1173.14,416.76,1589.9,0.753,Medium,351.68,65.08,15.62
Z011,Marathahalli,10,Day,False,mixed,5029,94,0,0.315,2112,1192.94,443.46,1636.41,0.775,Medium,462.79,-19.33,4.36
Z011,Marathahalli,11,Day,False,mixed,5029,94,0,0.315,2112,1247.95,500.34,1748.29,0.828,Medium,500.17,0.17,0.03
Z011,Marathahalli,12,Day,False,mixed,5029,94,0,0.315,2112,1210.58,527.0,1737.58,0.823,Medium,496.15,30.85,5.85
Z011,Marathahalli,13,Day,False,mixed,5029,94,0,0.315,2112,1243.17,499.65,1742.82,0.825,Medium,479.99,19.66,3.93
Z011,Marathahalli,14,Day,False,mixed,5029,94,0,0.315,2112,1139.57,451.01,1590.58,0.753,Medium,443.76,7.25,1.61
Z011,Marathahalli,15,Day,False,mixed,5029,94,0,0.315,2112,1130.02,410.16,1540.18,0.729,Low,448.92,-38.76,9.45
Z011,Marathahalli,16,Day,False,mixed,5029,94,0,0.315,2112,1155.42,491.11,1646.54,0.78,Medium,465.22,25.89,5.27
Z011,Marathahalli,17,Evening Peak,True,mixed,5029,94,0,0.315,2112,1458.29,716.92,2175.21,1.03,Critical,704.05,12.87,1.8
Z011,Marathahalli,18,Evening Peak,True,mixed,5029,94,0,0.315,2112,1316.84,765.56,2082.4,0.986,High,744.97,20.59,2.69
Z011,Marathahalli,19,Evening Peak,True,mixed,5029,94,0,0.315,2112,1356.43,766.71,2123.14,1.005,Critical,748.45,18.26,2.38
Z011,Marathahalli,20,Evening Peak,True,mixed,5029,94,0,0.315,2112,1379.37,766.43,2145.8,1.016,Critical,739.27,27.16,3.54
Z011,Marathahalli,21,Evening Peak,True,mixed,5029,94,0,0.315,2112,1466.87,773.93,2240.8,1.061,Critical,690.16,83.77,10.82
Z011,Marathahalli,22,Evening Peak,True,mixed,5029,94,0,0.315,2112,1519.43,639.75,2159.17,1.022,Critical,652.09,-12.34,1.93
Z011,Marathahalli,23,Late Night,False,mixed,5029,94,0,0.315,2112,1052.66,315.04,1367.7,0.648,Low,329.03,-13.99,4.44
Z012,Banashankari,0,Night,False,residential,4968,72,1,0.225,1075,368.89,174.45,543.34,0.505,Low,194.49,-20.04,11.49
Z012,Banashankari,1,Night,False,residential,4968,72,1,0.225,1075,371.88,172.18,544.06,0.506,Low,186.24,-14.06,8.17
Z012,Banashankari,2,Night,False,residential,4968,72,1,0.225,1075,411.03,254.35,665.38,0.619,Low,200.64,53.71,21.12
Z012,Banashankari,3,Night,False,residential,4968,72,1,0.225,1075,368.84,267.65,636.5,0.592,Low,227.67,39.98,14.94
Z012,Banashankari,4,Night,False,residential,4968,72,1,0.225,1075,349.08,196.75,545.83,0.508,Low,230.81,-34.06,17.31
Z012,Banashankari,5,Night,False,residential,4968,72,1,0.225,1075,353.93,241.63,595.56,0.554,Low,233.52,8.11,3.36
Z012,Banashankari,6,Morning,False,residential,4968,72,1,0.225,1075,439.86,259.83,699.69,0.651,Low,270.74,-10.91,4.2
Z012,Banashankari,7,Morning,False,residential,4968,72,1,0.225,1075,499.9,268.09,767.99,0.714,Low,278.82,-10.73,4.0
Z012,Banashankari,8,Morning,False,residential,4968,72,1,0.225,1075,530.48,299.46,829.94,0.772,Medium,301.87,-2.41,0.8
Z012,Banashankari,9,Morning,False,residential,4968,72,1,0.225,1075,467.7,250.69,718.39,0.668,Low,270.69,-20.0,7.98
Z012,Banashankari,10,Day,False,residential,4968,72,1,0.225,1075,495.78,286.7,782.48,0.728,Low,263.05,23.65,8.25
Z012,Banashankari,11,Day,False,residential,4968,72,1,0.225,1075,467.18,259.03,726.21,0.676,Low,266.03,-7.0,2.7
Z012,Banashankari,12,Day,False,residential,4968,72,1,0.225,1075,555.66,238.38,794.04,0.739,Low,252.23,-13.85,5.81
Z012,Banashankari,13,Day,False,residential,4968,72,1,0.225,1075,522.54,254.55,777.09,0.723,Low,260.31,-5.76,2.26
Z012,Banashankari,14,Day,False,residential,4968,72,1,0.225,1075,540.34,274.26,814.6,0.758,Medium,262.2,12.06,4.4
Z012,Banashankari,15,Day,False,residential,4968,72,1,0.225,1075,566.99,251.6,818.59,0.761,Medium,263.09,-11.49,4.57
Z012,Banashankari,16,Day,False,residential,4968,72,1,0.225,1075,466.59,288.47,755.05,0.702,Low,284.47,4.0,1.39
Z012,Banashankari,17,Evening Peak,True,residential,4968,72,1,0.225,1075,585.03,584.76,1169.8,1.088,Critical,668.75,-83.99,14.36
Z012,Banashankari,18,Evening Peak,True,residential,4968,72,1,0.225,1075,583.69,668.42,1252.11,1.165,Critical,660.63,7.79,1.17
Z012,Banashankari,19,Evening Peak,True,residential,4968,72,1,0.225,1075,642.27,555.23,1197.5,1.114,Critical,649.91,-94.68,17.05
Z012,Banashankari,20,Evening Peak,True,residential,4968,72,1,0.225,1075,631.67,727.83,1359.5,1.265,Critical,692.84,34.99,4.81
Z012,Banashankari,21,Evening Peak,True,residential,4968,72,1,0.225,1075,591.43,746.72,1338.15,1.245,Critical,707.4,39.32,5.27
Z012,Banashankari,22,Evening Peak,True,residential,4968,72,1,0.225,1075,582.04,680.07,1262.12,1.174,Critical,673.22,6.85,1.01
Z012,Banashankari,23,Late Night,False,residential,4968,72,1,0.225,1075,444.45,419.66,864.11,0.804,Medium,400.89,18.77,4.47
Z013,HSR Layout,0,Night,False,residential,6651,84,9,0.223,1731,747.41,383.16,1130.57,0.653,Low,335.81,47.35,12.36
Z013,HSR Layout,1,Night,False,residential,6651,84,9,0.223,1731,901.92,248.71,1150.63,0.665,Low,281.53,-32.82,13.2
Z013,HSR Layout,2,Night,False,residential,6651,84,9,0.223,1731,889.77,263.48,1153.25,0.666,Low,279.62,-16.14,6.13
Z013,HSR Layout,3,Night,False,residential,6651,84,9,0.223,1731,808.13,358.27,1166.4,0.674,Low,323.94,34.33,9.58
Z013,HSR Layout,4,Night,False,residential,6651,84,9,0.223,1731,812.02,291.83,1103.85,0.638,Low,300.37,-8.54,2.93
Z013,HSR Layout,5,Night,False,residential,6651,84,9,0.223,1731,853.54,303.76,1157.31,0.669,Low,284.61,19.15,6.3
Z013,HSR Layout,6,Morning,False,residential,6651,84,9,0.223,1731,1155.3,381.41,1536.71,0.888,Medium,367.75,13.66,3.58
Z013,HSR Layout,7,Morning,False,residential,6651,84,9,0.223,1731,1030.94,368.71,1399.65,0.809,Medium,374.17,-5.46,1.48
Z013,HSR Layout,8,Morning,False,residential,6651,84,9,0.223,1731,983.19,417.07,1400.26,0.809,Medium,382.43,34.64,8.31
Z013,HSR Layout,9,Morning,False,residential,6651,84,9,0.223,1731,1159.65,348.02,1507.67,0.871,Medium,359.69,-11.67,3.35
Z013,HSR Layout,10,Day,False,residential,6651,84,9,0.223,1731,1170.48,395.95,1566.43,0.905,High,351.21,44.74,11.3
Z013,HSR Layout,11,Day,False,residential,6651,84,9,0.223,1731,1047.63,315.45,1363.07,0.787,Medium,337.28,-21.83,6.92
Z013,HSR Layout,12,Day,False,residential,6651,84,9,0.223,1731,1106.96,305.51,1412.48,0.816,Medium,330.59,-25.08,8.21
Z013,HSR Layout,13,Day,False,residential,6651,84,9,0.223,1731,1109.88,426.16,1536.04,0.887,Medium,332.53,93.63,21.97
Z013,HSR Layout,14,Day,False,residential,6651,84,9,0.223,1731,1113.0,294.87,1407.86,0.813,Medium,351.07,-56.2,19.06
Z013,HSR Layout,15,Day,False,residential,6651,84,9,0.223,1731,1068.28,410.9,1479.17,0.855,Medium,364.58,46.32,11.27
Z013,HSR Layout,16,Day,False,residential,6651,84,9,0.223,1731,1203.49,447.41,1650.89,0.954,High,362.27,85.14,19.03
Z013,HSR Layout,17,Evening Peak,True,residential,6651,84,9,0.223,1731,1382.03,724.22,2106.25,1.217,Critical,851.44,-127.22,17.57
Z013,HSR Layout,18,Evening Peak,True,residential,6651,84,9,0.223,1731,1237.54,872.77,2110.3,1.219,Critical,843.84,28.93,3.31
Z013,HSR Layout,19,Evening Peak,True,residential,6651,84,9,0.223,1731,1358.14,946.73,2304.87,1.332,Critical,879.47,67.26,7.1
Z013,HSR Layout,20,Evening Peak,True,residential,6651,84,9,0.223,1731,1206.53,784.42,1990.95,1.15,Critical,843.28,-58.86,7.5
Z013,HSR Layout,21,Evening Peak,True,residential,6651,84,9,0.223,1731,1359.51,958.77,2318.28,1.339,Critical,894.68,64.09,6.68
Z013,HSR Layout,22,Evening Peak,True,residential,6651,84,9,0.223,1731,1235.66,849.07,2084.73,1.204,Critical,869.27,-20.2,2.38
Z013,HSR Layout,23,Late Night,False,residential,6651,84,9,0.223,1731,962.5,549.83,1512.33,0.874,Medium,452.99,96.84,17.61
Z014,KR Puram,0,Night,False,mixed,5067,87,3,0.205,2094,1007.65,179.74,1187.39,0.567,Low,184.64,-4.9,2.73
Z014,KR Puram,1,Night,False,mixed,5067,87,3,0.205,2094,805.44,194.52,999.95,0.478,Low,200.03,-5.51,2.83
Z014,KR Puram,2,Night,False,mixed,5067,87,3,0.205,2094,824.45,200.69,1025.14,0.49,Low,209.23,-8.54,4.26
Z014,KR Puram,3,Night,False,mixed,5067,87,3,0.205,2094,840.26,243.8,1084.06,0.518,Low,215.24,28.56,11.71
Z014,KR Puram,4,Night,False,mixed,5067,87,3,0.205,2094,991.55,194.91,1186.46,0.567,Low,197.26,-2.35,1.21
Z014,KR Puram,5,Night,False,mixed,5067,87,3,0.205,2094,841.02,176.18,1017.2,0.486,Low,199.34,-23.16,13.15
Z014,KR Puram,6,Morning,False,mixed,5067,87,3,0.205,2094,1247.68,406.75,1654.43,0.79,Medium,383.02,23.73,5.83
Z014,KR Puram,7,Morning,False,mixed,5067,87,3,0.205,2094,1146.15,352.19,1498.34,0.716,Low,370.98,-18.79,5.34
Z014,KR Puram,8,Morning,False,mixed,5067,87,3,0.205,2094,1150.69,328.67,1479.36,0.706,Low,371.25,-42.58,12.96
Z014,KR Puram,9,Morning,False,mixed,5067,87,3,0.205,2094,1051.91,398.66,1450.57,0.693,Low,377.35,21.31,5.35
Z014,KR Puram,10,Day,False,mixed,5067,87,3,0.205,2094,1310.95,415.81,1726.76,0.825,Medium,477.48,-61.67,14.83
Z014,KR Puram,11,Day,False,mixed,5067,87,3,0.205,2094,1131.74,401.41,1533.14,0.732,Low,480.84,-79.43,19.79
Z014,KR Puram,12,Day,False,mixed,5067,87,3,0.205,2094,1110.4,520.03,1630.43,0.779,Medium,496.16,23.87,4.59
Z014,KR Puram,13,Day,False,mixed,5067,87,3,0.205,2094,1227.99,454.78,1682.78,0.804,Medium,470.88,-16.1,3.54
Z014,KR Puram,14,Day,False,mixed,5067,87,3,0.205,2094,1209.67,442.75,1652.42,0.789,Medium,459.51,-16.76,3.79
Z014,KR Puram,15,Day,False,mixed,5067,87,3,0.205,2094,1278.52,502.43,1780.95,0.851,Medium,493.16,9.27,1.85
Z014,KR Puram,16,Day,False,mixed,5067,87,3,0.205,2094,1118.55,521.97,1640.53,0.783,Medium,495.31,26.66,5.11
Z014,KR Puram,17,Evening Peak,True,mixed,5067,87,3,0.205,2094,1274.15,616.93,1891.07,0.903,High,657.52,-40.59,6.58
Z014,KR Puram,18,Evening Peak,True,mixed,5067,87,3,0.205,2094,1411.8,721.24,2133.04,1.019,Critical,679.16,42.08,5.83
Z014,KR Puram,19,Evening Peak,True,mixed,5067,87,3,0.205,2094,1313.05,731.84,2044.89,0.977,High,704.68,27.16,3.71
Z014,KR Puram,20,Evening Peak,True,mixed,5067,87,3,0.205,2094,1415.72,543.02,1958.74,0.935,High,672.09,-129.07,23.77
Z014,KR Puram,21,Evening Peak,True,mixed,5067,87,3,0.205,2094,1329.63,522.65,1852.28,0.885,Medium,634.48,-111.83,21.4
Z014,KR Puram,22,Evening Peak,True,mixed,5067,87,3,0.205,2094,1293.12,556.97,1850.09,0.884,Medium,626.68,-69.71,12.52
Z014,KR Puram,23,Late Night,False,mixed,5067,87,3,0.205,2094,972.34,370.01,1342.35,0.641,Low,362.18,7.83,2.12
Z015,Malleshwaram,0,Night,False,residential,5545,73,2,0.196,1616,611.54,241.71,853.25,0.528,Low,236.87,4.84,2.0
Z015,Malleshwaram,1,Night,False,residential,5545,73,2,0.196,1616,592.08,251.79,843.87,0.522,Low,239.44,12.35,4.9
Z015,Malleshwaram,2,Night,False,residential,5545,73,2,0.196,1616,552.56,212.29,764.85,0.473,Low,229.24,-16.95,7.98
Z015,Malleshwaram,3,Night,False,residential,5545,73,2,0.196,1616,629.97,192.17,822.13,0.509,Low,224.19,-32.02,16.66
Z015,Malleshwaram,4,Night,False,residential,5545,73,2,0.196,1616,637.11,283.44,920.56,0.57,Low,228.77,54.67,19.29
Z015,Malleshwaram,5,Night,False,residential,5545,73,2,0.196,1616,581.58,250.88,832.46,0.515,Low,238.98,11.9,4.74
Z015,Malleshwaram,6,Morning,False,residential,5545,73,2,0.196,1616,799.38,304.94,1104.32,0.683,Low,307.11,-2.17,0.71
Z015,Malleshwaram,7,Morning,False,residential,5545,73,2,0.196,1616,715.65,324.98,1040.63,0.644,Low,322.65,2.33,0.72
Z015,Malleshwaram,8,Morning,False,residential,5545,73,2,0.196,1616,731.92,348.09,1080.01,0.668,Low,326.45,21.64,6.22
Z015,Malleshwaram,9,Morning,False,residential,5545,73,2,0.196,1616,753.17,289.97,1043.14,0.646,Low,299.33,-9.36,3.23
Z015,Malleshwaram,10,Day,False,residential,5545,73,2,0.196,1616,759.78,224.28,984.06,0.609,Low,248.4,-24.12,10.75
Z015,Malleshwaram,11,Day,False,residential,5545,73,2,0.196,1616,794.76,297.42,1092.18,0.676,Low,266.97,30.45,10.24
Z015,Malleshwaram,12,Day,False,residential,5545,73,2,0.196,1616,695.14,247.42,942.56,0.583,Low,253.48,-6.06,2.45
Z015,Malleshwaram,13,Day,False,residential,5545,73,2,0.196,1616,811.78,302.38,1114.16,0.689,Low,259.52,42.86,14.17
Z015,Malleshwaram,14,Day,False,residential,5545,73,2,0.196,1616,794.82,230.2,1025.02,0.634,Low,250.21,-20.01,8.69
Z015,Malleshwaram,15,Day,False,residential,5545,73,2,0.196,1616,713.43,258.6,972.03,0.602,Low,258.43,0.17,0.07
Z015,Malleshwaram,16,Day,False,residential,5545,73,2,0.196,1616,832.11,245.9,1078.01,0.667,Low,266.76,-20.86,8.48
Z015,Malleshwaram,17,Evening Peak,True,residential,5545,73,2,0.196,1616,915.32,825.19,1740.51,1.077,Critical,741.44,83.75,10.15
Z015,Malleshwaram,18,Evening Peak,True,residential,5545,73,2,0.196,1616,846.69,712.44,1559.13,0.965,High,719.83,-7.39,1.04
Z015,Malleshwaram,19,Evening Peak,True,residential,5545,73,2,0.196,1616,957.58,686.87,1644.44,1.018,Critical,727.03,-40.16,5.85
Z015,Malleshwaram,20,Evening Peak,True,residential,5545,73,2,0.196,1616,811.02,703.27,1514.29,0.937,High,721.13,-17.86,2.54
Z015,Malleshwaram,21,Evening Peak,True,residential,5545,73,2,0.196,1616,901.3,720.46,1621.76,1.004,Critical,732.91,-12.45,1.73
Z015,Malleshwaram,22,Evening Peak,True,residential,5545,73,2,0.196,1616,938.79,654.65,1593.45,0.986,High,731.17,-76.52,11.69
Z015,Malleshwaram,23,Late Night,False,residential,5545,73,2,0.196,1616,633.25,417.52,1050.77,0.65,Low,416.41,1.11,0.27
Z016,Sarjapur Road,0,Night,False,mixed,6622,90,1,0.377,1427,543.7,337.33,881.03,0.617,Low,308.76,28.57,8.47
Z016,Sarjapur Road,1,Night,False,mixed,6622,90,1,0.377,1427,636.92,338.96,975.88,0.684,Low,313.36,25.6,7.55
Z016,Sarjapur Road,2,Night,False,mixed,6622,90,1,0.377,1427,624.68,299.31,923.99,0.648,Low,300.6,-1.29,0.43
Z016,Sarjapur Road,3,Night,False,mixed,6622,90,1,0.377,1427,576.72,235.06,811.79,0.569,Low,258.16,-23.1,9.83
Z016,Sarjapur Road,4,Night,False,mixed,6622,90,1,0.377,1427,550.72,235.68,786.4,0.551,Low,248.07,-12.39,5.26
Z016,Sarjapur Road,5,Night,False,mixed,6622,90,1,0.377,1427,569.49,237.17,806.67,0.565,Low,245.14,-7.97,3.36
Z016,Sarjapur Road,6,Morning,False,mixed,6622,90,1,0.377,1427,795.2,372.88,1168.09,0.819,Medium,433.14,-60.26,16.16
Z016,Sarjapur Road,7,Morning,False,mixed,6622,90,1,0.377,1427,713.6,502.42,1216.03,0.852,Medium,463.82,38.6,7.68
Z016,Sarjapur Road,8,Morning,False,mixed,6622,90,1,0.377,1427,682.82,454.89,1137.71,0.797,Medium,457.09,-2.2,0.48
Z016,Sarjapur Road,9,Morning,False,mixed,6622,90,1,0.377,1427,721.99,488.17,1210.16,0.848,Medium,470.61,17.56,3.6
Z016,Sarjapur Road,10,Day,False,mixed,6622,90,1,0.377,1427,724.16,579.11,1303.26,0.913,High,619.4,-40.29,6.96
Z016,Sarjapur Road,11,Day,False,mixed,6622,90,1,0.377,1427,845.36,643.81,1489.17,1.044,Critical,603.72,40.09,6.23
Z016,Sarjapur Road,12,Day,False,mixed,6622,90,1,0.377,1427,721.67,624.65,1346.32,0.943,High,623.11,1.54,0.25
Z016,Sarjapur Road,13,Day,False,mixed,6622,90,1,0.377,1427,837.88,587.5,1425.38,0.999,High,599.71,-12.21,2.08
Z016,Sarjapur Road,14,Day,False,mixed,6622,90,1,0.377,1427,829.74,516.23,1345.97,0.943,High,591.98,-75.75,14.67
Z016,Sarjapur Road,15,Day,False,mixed,6622,90,1,0.377,1427,786.12,599.84,1385.96,0.971,High,621.89,-22.05,3.68
Z016,Sarjapur Road,16,Day,False,mixed,6622,90,1,0.377,1427,801.76,727.33,1529.08,1.072,Critical,623.13,104.2,14.33
Z016,Sarjapur Road,17,Evening Peak,True,mixed,6622,90,1,0.377,1427,897.26,690.0,1587.26,1.112,Critical,710.73,-20.73,3.0
Z016,Sarjapur Road,18,Evening Peak,True,mixed,6622,90,1,0.377,1427,968.87,735.8,1704.67,1.195,Critical,734.8,1.0,0.14
Z016,Sarjapur Road,19,Evening Peak,True,mixed,6622,90,1,0.377,1427,883.0,671.38,1554.38,1.089,Critical,728.25,-56.87,8.47
Z016,Sarjapur Road,20,Evening Peak,True,mixed,6622,90,1,0.377,1427,871.88,922.28,1794.16,1.257,Critical,737.37,184.91,20.05
Z016,Sarjapur Road,21,Evening Peak,True,mixed,6622,90,1,0.377,1427,944.68,752.31,1696.99,1.189,Critical,791.01,-38.7,5.14
Z016,Sarjapur Road,22,Evening Peak,True,mixed,6622,90,1,0.377,1427,933.42,887.96,1821.38,1.276,Critical,796.91,91.05,10.25
Z016,Sarjapur Road,23,Late Night,False,mixed,6622,90,1,0.377,1427,687.72,390.82,1078.54,0.756,Medium,428.01,-37.19,9.52
Z017,Peenya,0,Night,False,industrial,2491,75,10,0.157,3117,1546.57,137.89,1684.46,0.54,Low,148.6,-10.71,7.77
Z017,Peenya,1,Night,False,industrial,2491,75,10,0.157,3117,1533.36,120.69,1654.04,0.531,Low,150.16,-29.47,24.42
Z017,Peenya,2,Night,False,industrial,2491,75,10,0.157,3117,1703.82,177.62,1881.43,0.604,Low,179.72,-2.1,1.18
Z017,Peenya,3,Night,False,industrial,2491,75,10,0.157,3117,1803.62,184.69,1988.32,0.638,Low,181.99,2.7,1.46
Z017,Peenya,4,Night,False,industrial,2491,75,10,0.157,3117,1570.03,204.14,1774.17,0.569,Low,184.83,19.31,9.46
Z017,Peenya,5,Night,False,industrial,2491,75,10,0.157,3117,1751.25,182.52,1933.77,0.62,Low,182.97,-0.45,0.25
Z017,Peenya,6,Morning,False,industrial,2491,75,10,0.157,3117,2146.68,470.86,2617.54,0.84,Medium,415.57,55.29,11.74
Z017,Peenya,7,Morning,False,industrial,2491,75,10,0.157,3117,2312.08,464.83,2776.91,0.891,Medium,415.63,49.2,10.58
Z017,Peenya,8,Morning,False,industrial,2491,75,10,0.157,3117,2179.12,414.2,2593.32,0.832,Medium,421.46,-7.26,1.75
Z017,Peenya,9,Morning,False,industrial,2491,75,10,0.157,3117,2060.66,464.22,2524.89,0.81,Medium,424.19,40.03,8.62
Z017,Peenya,10,Day,False,industrial,2491,75,10,0.157,3117,2119.64,383.83,2503.47,0.803,Medium,380.1,3.73,0.97
Z017,Peenya,11,Day,False,industrial,2491,75,10,0.157,3117,2460.34,461.59,2921.93,0.937,High,387.74,73.85,16.0
Z017,Peenya,12,Day,False,industrial,2491,75,10,0.157,3117,2143.32,301.37,2444.69,0.784,Medium,338.31,-36.94,12.26
Z017,Peenya,13,Day,False,industrial,2491,75,10,0.157,3117,2261.51,341.36,2602.86,0.835,Medium,337.65,3.71,1.09
Z017,Peenya,14,Day,False,industrial,2491,75,10,0.157,3117,2483.34,255.59,2738.92,0.879,Medium,328.67,-73.08,28.59
Z017,Peenya,15,Day,False,industrial,2491,75,10,0.157,3117,2383.14,281.31,2664.45,0.855,Medium,339.1,-57.79,20.54
Z017,Peenya,16,Day,False,industrial,2491,75,10,0.157,3117,2341.7,439.97,2781.67,0.892,Medium,380.03,59.94,13.62
Z017,Peenya,17,Evening Peak,True,industrial,2491,75,10,0.157,3117,2754.96,329.47,3084.43,0.99,High,386.6,-57.13,17.34
Z017,Peenya,18,Evening Peak,True,industrial,2491,75,10,0.157,3117,2704.59,400.56,3105.15,0.996,High,390.1,10.46,2.61
Z017,Peenya,19,Evening Peak,True,industrial,2491,75,10,0.157,3117,2620.05,469.71,3089.77,0.991,High,421.5,48.21,10.26
Z017,Peenya,20,Evening Peak,True,industrial,2491,75,10,0.157,3117,2685.95,387.57,3073.52,0.986,High,396.58,-9.01,2.32
Z017,Peenya,21,Evening Peak,True,industrial,2491,75,10,0.157,3117,2667.78,179.83,2847.61,0.914,High,259.63,-79.8,44.38
Z017,Peenya,22,Evening Peak,True,industrial,2491,75,10,0.157,3117,2739.3,147.63,2886.93,0.926,High,199.44,-51.81,35.09
Z017,Peenya,23,Late Night,False,industrial,2491,75,10,0.157,3117,1806.84,230.74,2037.58,0.654,Low,310.05,-79.31,34.37
Z018,Majestic,0,Night,False,commercial,3666,96,0,0.161,1925,761.73,147.39,909.12,0.472,Low,131.8,15.59,10.58
Z018,Majestic,1,Night,False,commercial,3666,96,0,0.161,1925,829.43,142.64,972.07,0.505,Low,130.67,11.97,8.39
Z018,Majestic,2,Night,False,commercial,3666,96,0,0.161,1925,771.35,121.48,892.83,0.464,Low,130.86,-9.38,7.72
Z018,Majestic,3,Night,False,commercial,3666,96,0,0.161,1925,874.71,94.96,969.67,0.504,Low,117.98,-23.02,24.24
Z018,Majestic,4,Night,False,commercial,3666,96,0,0.161,1925,769.52,110.1,879.63,0.457,Low,122.98,-12.88,11.7
Z018,Majestic,5,Night,False,commercial,3666,96,0,0.161,1925,753.43,142.48,895.92,0.465,Low,122.98,19.5,13.69
Z018,Majestic,6,Morning,False,commercial,3666,96,0,0.161,1925,1026.35,213.09,1239.44,0.644,Low,277.51,-64.42,30.23
Z018,Majestic,7,Morning,False,commercial,3666,96,0,0.161,1925,1005.0,254.25,1259.24,0.654,Low,275.91,-21.66,8.52
Z018,Majestic,8,Morning,False,commercial,3666,96,0,0.161,1925,1143.8,276.4,1420.2,0.738,Low,271.99,4.41,1.6
Z018,Majestic,9,Morning,False,commercial,3666,96,0,0.161,1925,969.96,225.56,1195.51,0.621,Low,249.66,-24.1,10.68
Z018,Majestic,10,Day,False,commercial,3666,96,0,0.161,1925,1028.85,585.91,1614.76,0.839,Medium,537.72,48.19,8.22
Z018,Majestic,11,Day,False,commercial,3666,96,0,0.161,1925,1184.19,539.65,1723.84,0.896,Medium,493.12,46.53,8.62
Z018,Majestic,12,Day,False,commercial,3666,96,0,0.161,1925,1011.53,473.49,1485.02,0.771,Medium,508.26,-34.77,7.34
Z018,Majestic,13,Day,False,commercial,3666,96,0,0.161,1925,1212.87,536.99,1749.86,0.909,High,492.7,44.29,8.25
Z018,Majestic,14,Day,False,commercial,3666,96,0,0.161,1925,1039.62,590.57,1630.19,0.847,Medium,521.77,68.8,11.65
Z018,Majestic,15,Day,False,commercial,3666,96,0,0.161,1925,1111.59,580.24,1691.84,0.879,Medium,498.23,82.01,14.13
Z018,Majestic,16,Day,False,commercial,3666,96,0,0.161,1925,1090.19,493.49,1583.68,0.823,Medium,498.57,-5.08,1.03
Z018,Majestic,17,Evening Peak,True,commercial,3666,96,0,0.161,1925,1240.12,423.45,1663.57,0.864,Medium,369.85,53.6,12.66
Z018,Majestic,18,Evening Peak,True,commercial,3666,96,0,0.161,1925,1361.45,329.66,1691.11,0.878,Medium,361.47,-31.81,9.65
Z018,Majestic,19,Evening Peak,True,commercial,3666,96,0,0.161,1925,1259.62,323.28,1582.9,0.822,Medium,357.49,-34.21,10.58
Z018,Majestic,20,Evening Peak,True,commercial,3666,96,0,0.161,1925,1374.95,369.43,1744.37,0.906,High,352.92,16.51,4.47
Z018,Majestic,21,Evening Peak,True,commercial,3666,96,0,0.161,1925,1241.94,322.86,1564.8,0.813,Medium,265.86,57.0,17.65
Z018,Majestic,22,Evening Peak,True,commercial,3666,96,0,0.161,1925,1271.45,184.65,1456.1,0.756,Medium,222.21,-37.56,20.34
Z018,Majestic,23,Late Night,False,commercial,3666,96,0,0.161,1925,888.29,154.34,1042.64,0.542,Low,216.12,-61.78,40.03
Z019,Bellandur,0,Night,False,mixed,5170,93,0,0.328,1722,664.91,193.02,857.93,0.498,Low,247.82,-54.8,28.39
Z019,Bellandur,1,Night,False,mixed,5170,93,0,0.328,1722,723.45,194.67,918.12,0.533,Low,246.91,-52.24,26.84
Z019,Bellandur,2,Night,False,mixed,5170,93,0,0.328,1722,796.3,206.23,1002.53,0.582,Low,242.74,-36.51,17.7
Z019,Bellandur,3,Night,False,mixed,5170,93,0,0.328,1722,830.49,241.35,1071.84,0.622,Low,239.83,1.52,0.63
Z019,Bellandur,4,Night,False,mixed,5170,93,0,0.328,1722,656.55,271.66,928.21,0.539,Low,251.6,20.06,7.38
Z019,Bellandur,5,Night,False,mixed,5170,93,0,0.328,1722,829.77,219.31,1049.08,0.609,Low,232.43,-13.12,5.98
Z019,Bellandur,6,Morning,False,mixed,5170,93,0,0.328,1722,852.56,398.95,1251.51,0.727,Low,395.51,3.44,0.86
Z019,Bellandur,7,Morning,False,mixed,5170,93,0,0.328,1722,850.17,421.04,1271.22,0.738,Low,397.0,24.04,5.71
Z019,Bellandur,8,Morning,False,mixed,5170,93,0,0.328,1722,943.59,348.06,1291.64,0.75,Medium,362.94,-14.88,4.28
Z019,Bellandur,9,Morning,False,mixed,5170,93,0,0.328,1722,1001.29,373.67,1374.96,0.798,Medium,365.65,8.02,2.15
Z019,Bellandur,10,Day,False,mixed,5170,93,0,0.328,1722,968.76,493.51,1462.27,0.849,Medium,542.92,-49.41,10.01
Z019,Bellandur,11,Day,False,mixed,5170,93,0,0.328,1722,926.52,543.68,1470.2,0.854,Medium,551.24,-7.56,1.39
Z019,Bellandur,12,Day,False,mixed,5170,93,0,0.328,1722,1001.25,610.31,1611.56,0.936,High,550.78,59.53,9.75
Z019,Bellandur,13,Day,False,mixed,5170,93,0,0.328,1722,1064.7,450.06,1514.76,0.88,Medium,475.12,-25.06,5.57
Z019,Bellandur,14,Day,False,mixed,5170,93,0,0.328,1722,1069.18,451.93,1521.1,0.883,Medium,471.31,-19.38,4.29
Z019,Bellandur,15,Day,False,mixed,5170,93,0,0.328,1722,1055.82,498.47,1554.28,0.903,High,491.22,7.25,1.45
Z019,Bellandur,16,Day,False,mixed,5170,93,0,0.328,1722,1089.85,510.63,1600.48,0.929,High,500.33,10.3,2.02
Z019,Bellandur,17,Evening Peak,True,mixed,5170,93,0,0.328,1722,1117.25,622.18,1739.44,1.01,Critical,672.81,-50.63,8.14
Z019,Bellandur,18,Evening Peak,True,mixed,5170,93,0,0.328,1722,1201.7,743.45,1945.15,1.13,Critical,699.23,44.22,5.95
Z019,Bellandur,19,Evening Peak,True,mixed,5170,93,0,0.328,1722,1104.09,726.99,1831.08,1.063,Critical,707.19,19.8,2.72
Z019,Bellandur,20,Evening Peak,True,mixed,5170,93,0,0.328,1722,1147.17,682.49,1829.65,1.063,Critical,682.11,0.38,0.06
Z019,Bellandur,21,Evening Peak,True,mixed,5170,93,0,0.328,1722,1076.18,708.68,1784.86,1.037,Critical,694.46,14.22,2.01
Z019,Bellandur,22,Evening Peak,True,mixed,5170,93,0,0.328,1722,1166.7,552.22,1718.92,0.998,High,620.18,-67.96,12.31
Z019,Bellandur,23,Late Night,False,mixed,5170,93,0,0.328,1722,823.37,309.52,1132.89,0.658,Low,344.29,-34.77,11.23
Z020,Kengeri,0,Night,False,residential,4933,68,2,0.194,1625,655.37,195.78,851.15,0.524,Low,200.83,-5.05,2.58
Z020,Kengeri,1,Night,False,residential,4933,68,2,0.194,1625,800.01,220.61,1020.62,0.628,Low,204.83,15.78,7.15
Z020,Kengeri,2,Night,False,residential,4933,68,2,0.194,1625,805.17,184.99,990.17,0.609,Low,201.81,-16.82,9.09
Z020,Kengeri,3,Night,False,residential,4933,68,2,0.194,1625,785.54,231.82,1017.36,0.626,Low,203.72,28.1,12.12
Z020,Kengeri,4,Night,False,residential,4933,68,2,0.194,1625,701.61,178.0,879.62,0.541,Low,199.92,-21.92,12.31
Z020,Kengeri,5,Night,False,residential,4933,68,2,0.194,1625,808.82,249.12,1057.94,0.651,Low,220.04,29.08,11.67
Z020,Kengeri,6,Morning,False,residential,4933,68,2,0.194,1625,944.57,279.34,1223.91,0.753,Medium,293.83,-14.49,5.19
Z020,Kengeri,7,Morning,False,residential,4933,68,2,0.194,1625,818.65,339.83,1158.48,0.713,Low,300.08,39.75,11.7
Z020,Kengeri,8,Morning,False,residential,4933,68,2,0.194,1625,832.45,253.09,1085.54,0.668,Low,303.19,-50.1,19.8
Z020,Kengeri,9,Morning,False,residential,4933,68,2,0.194,1625,839.74,303.05,1142.79,0.703,Low,293.45,9.6,3.17
Z020,Kengeri,10,Day,False,residential,4933,68,2,0.194,1625,965.86,241.37,1207.22,0.743,Low,258.19,-16.82,6.97
Z020,Kengeri,11,Day,False,residential,4933,68,2,0.194,1625,869.73,290.05,1159.78,0.714,Low,276.91,13.14,4.53
Z020,Kengeri,12,Day,False,residential,4933,68,2,0.194,1625,893.79,246.37,1140.16,0.702,Low,266.17,-19.8,8.04
Z020,Kengeri,13,Day,False,residential,4933,68,2,0.194,1625,875.67,295.3,1170.97,0.721,Low,278.71,16.59,5.62
Z020,Kengeri,14,Day,False,residential,4933,68,2,0.194,1625,1015.9,311.0,1326.9,0.817,Medium,288.69,22.31,7.17
Z020,Kengeri,15,Day,False,residential,4933,68,2,0.194,1625,1037.51,225.69,1263.2,0.777,Medium,292.48,-66.79,29.59
Z020,Kengeri,16,Day,False,residential,4933,68,2,0.194,1625,961.71,270.07,1231.78,0.758,Medium,280.73,-10.66,3.95
Z020,Kengeri,17,Evening Peak,True,residential,4933,68,2,0.194,1625,1185.88,687.0,1872.87,1.153,Critical,673.94,13.06,1.9
Z020,Kengeri,18,Evening Peak,True,residential,4933,68,2,0.194,1625,1087.64,602.15,1689.79,1.04,Critical,683.97,-81.82,13.59
Z020,Kengeri,19,Evening Peak,True,residential,4933,68,2,0.194,1625,1075.27,513.34,1588.61,0.978,High,683.31,-169.97,33.11
Z020,Kengeri,20,Evening Peak,True,residential,4933,68,2,0.194,1625,1149.29,661.77,1811.06,1.114,Critical,678.6,-16.83,2.54
Z020,Kengeri,21,Evening Peak,True,residential,4933,68,2,0.194,1625,1117.34,506.54,1623.88,0.999,High,686.97,-180.43,35.62
Z020,Kengeri,22,Evening Peak,True,residential,4933,68,2,0.194,1625,1039.88,725.59,1765.47,1.086,Critical,683.37,42.22,5.82
Z020,Kengeri,23,Late Night,False,residential,4933,68,2,0.194,1625,788.48,446.29,1234.77,0.76,Medium,421.7,24.59,5.51
