zone_id,zone_name,hour,time_period,transformer_capacity_kw,before_ev_load_kw,after_ev_load_kw,before_total_load_kw,after_total_load_kw,before_load_ratio,after_load_ratio,before_risk_level,after_risk_level
Z001,Whitefield,0,Night,1307,215.35,453.36,833.43,1071.44,0.638,0.82,Low,Medium
Z001,Whitefield,1,Night,1307,212.69,449.36,819.01,1055.68,0.627,0.808,Low,Medium
Z001,Whitefield,2,Night,1307,225.09,444.83,841.2,1060.94,0.644,0.812,Low,Medium
Z001,Whitefield,3,Night,1307,223.58,463.45,791.96,1031.83,0.606,0.789,Low,Medium
Z001,Whitefield,4,Night,1307,232.48,469.17,830.58,1067.27,0.635,0.817,Low,Medium
Z001,Whitefield,5,Night,1307,224.33,470.6,758.43,1004.7,0.58,0.769,Low,Medium
Z001,Whitefield,6,Morning,1307,389.64,389.64,1169.56,1169.56,0.895,0.895,Medium,Medium
Z001,Whitefield,7,Morning,1307,403.25,403.25,1110.51,1110.51,0.85,0.85,Medium,Medium
Z001,Whitefield,8,Morning,1307,366.92,366.92,1139.28,1139.28,0.872,0.872,Medium,Medium
Z001,Whitefield,9,Morning,1307,377.25,377.25,1036.78,1036.78,0.793,0.793,Medium,Medium
Z001,Whitefield,10,Day,1307,512.75,512.75,1318.35,1318.35,1.009,1.009,Critical,Critical
Z001,Whitefield,11,Day,1307,498.38,498.38,1246.48,1246.48,0.954,0.954,High,High
Z001,Whitefield,12,Day,1307,492.52,492.52,1203.68,1203.68,0.921,0.921,High,High
Z001,Whitefield,13,Day,1307,481.37,481.37,1275.45,1275.45,0.976,0.976,High,High
Z001,Whitefield,14,Day,1307,473.16,473.16,1271.92,1271.92,0.973,0.973,High,High
Z001,Whitefield,15,Day,1307,485.99,485.99,1300.8,1300.8,0.995,0.995,High,High
Z001,Whitefield,16,Day,1307,467.49,467.49,1263.52,1263.52,0.967,0.967,High,High
Z001,Whitefield,17,Evening Peak,1307,703.63,457.36,1511.16,1264.89,1.156,0.968,Critical,High
Z001,Whitefield,18,Evening Peak,1307,685.34,445.47,1600.05,1360.18,1.224,1.041,Critical,Critical
Z001,Whitefield,19,Evening Peak,1307,676.21,439.54,1569.97,1333.3,1.201,1.02,Critical,Critical
Z001,Whitefield,20,Evening Peak,1307,676.26,439.57,1585.33,1348.64,1.213,1.032,Critical,Critical
Z001,Whitefield,21,Evening Peak,1307,680.03,442.02,1603.93,1365.92,1.227,1.045,Critical,Critical
Z001,Whitefield,22,Evening Peak,1307,627.84,408.1,1520.13,1300.39,1.163,0.995,Critical,High
Z001,Whitefield,23,Late Night,1307,342.9,342.9,969.21,969.21,0.742,0.742,Low,Low
Z002,Indiranagar,0,Night,1597,265.75,531.42,1038.01,1303.68,0.65,0.816,Low,Medium
Z002,Indiranagar,1,Night,1597,285.76,536.39,950.37,1201.0,0.595,0.752,Low,Medium
Z002,Indiranagar,2,Night,1597,297.11,587.66,1013.59,1304.14,0.635,0.817,Low,Medium
Z002,Indiranagar,3,Night,1597,290.76,563.66,978.89,1251.79,0.613,0.784,Low,Medium
Z002,Indiranagar,4,Night,1597,258.64,504.06,874.56,1119.98,0.548,0.701,Low,Low
Z002,Indiranagar,5,Night,1597,266.85,539.18,965.43,1237.76,0.605,0.775,Low,Medium
Z002,Indiranagar,6,Morning,1597,356.67,356.67,1185.19,1185.19,0.742,0.742,Low,Low
Z002,Indiranagar,7,Morning,1597,358.14,358.14,1229.7,1229.7,0.77,0.77,Medium,Medium
Z002,Indiranagar,8,Morning,1597,354.5,354.5,1222.44,1222.44,0.765,0.765,Medium,Medium
Z002,Indiranagar,9,Morning,1597,362.08,362.08,1342.96,1342.96,0.841,0.841,Medium,Medium
Z002,Indiranagar,10,Day,1597,367.02,367.02,1263.96,1263.96,0.791,0.791,Medium,Medium
Z002,Indiranagar,11,Day,1597,339.68,339.68,1321.5,1321.5,0.827,0.827,Medium,Medium
Z002,Indiranagar,12,Day,1597,353.28,353.28,1218.32,1218.32,0.763,0.763,Medium,Medium
Z002,Indiranagar,13,Day,1597,344.1,344.1,1229.08,1229.08,0.77,0.77,Medium,Medium
Z002,Indiranagar,14,Day,1597,368.07,368.07,1248.24,1248.24,0.782,0.782,Medium,Medium
Z002,Indiranagar,15,Day,1597,360.14,360.14,1342.44,1342.44,0.841,0.841,Medium,Medium
Z002,Indiranagar,16,Day,1597,360.49,360.49,1317.32,1317.32,0.825,0.825,Medium,Medium
Z002,Indiranagar,17,Evening Peak,1597,701.21,455.79,1767.51,1522.09,1.107,0.953,Critical,High
Z002,Indiranagar,18,Evening Peak,1597,716.1,465.47,1766.23,1515.6,1.106,0.949,Critical,High
Z002,Indiranagar,19,Evening Peak,1597,778.08,505.75,1876.72,1604.39,1.175,1.005,Critical,Critical
Z002,Indiranagar,20,Evening Peak,1597,779.72,506.82,1877.13,1604.23,1.175,1.005,Critical,Critical
Z002,Indiranagar,21,Evening Peak,1597,830.15,539.6,1822.49,1531.94,1.141,0.959,Critical,High
Z002,Indiranagar,22,Evening Peak,1597,759.07,493.4,1894.43,1628.76,1.186,1.02,Critical,Critical
Z002,Indiranagar,23,Late Night,1597,476.36,476.36,1251.37,1251.37,0.784,0.784,Medium,Medium
Z003,Koramangala,0,Night,1832,183.28,397.78,1073.19,1287.69,0.586,0.703,Low,Low
Z003,Koramangala,1,Night,1832,185.51,394.3,1086.7,1295.49,0.593,0.707,Low,Low
Z003,Koramangala,2,Night,1832,205.25,405.62,1179.48,1379.85,0.644,0.753,Low,Medium
Z003,Koramangala,3,Night,1832,186.85,404.39,1096.01,1313.55,0.598,0.717,Low,Low
Z003,Koramangala,4,Night,1832,208.62,426.89,1052.58,1270.85,0.575,0.694,Low,Low
Z003,Koramangala,5,Night,1832,190.66,392.61,1151.12,1353.07,0.628,0.739,Low,Low
Z003,Koramangala,6,Morning,1832,333.82,333.82,1404.59,1404.59,0.767,0.767,Medium,Medium
Z003,Koramangala,7,Morning,1832,340.86,340.86,1445.26,1445.26,0.789,0.789,Medium,Medium
Z003,Koramangala,8,Morning,1832,334.47,334.47,1426.02,1426.02,0.778,0.778,Medium,Medium
Z003,Koramangala,9,Morning,1832,333.83,333.83,1472.68,1472.68,0.804,0.804,Medium,Medium
Z003,Koramangala,10,Day,1832,447.42,447.42,1562.26,1562.26,0.853,0.853,Medium,Medium
Z003,Koramangala,11,Day,1832,503.81,503.81,1816.49,1816.49,0.992,0.992,High,High
Z003,Koramangala,12,Day,1832,503.0,503.0,1791.4,1791.4,0.978,0.978,High,High
Z003,Koramangala,13,Day,1832,466.1,466.1,1617.11,1617.11,0.883,0.883,Medium,Medium
Z003,Koramangala,14,Day,1832,439.21,439.21,1604.01,1604.01,0.876,0.876,Medium,Medium
Z003,Koramangala,15,Day,1832,454.58,454.58,1592.81,1592.81,0.869,0.869,Medium,Medium
Z003,Koramangala,16,Day,1832,470.72,470.72,1575.56,1575.56,0.86,0.86,Medium,Medium
Z003,Koramangala,17,Evening Peak,1832,623.62,405.35,1921.22,1702.95,1.049,0.93,Critical,High
Z003,Koramangala,18,Evening Peak,1832,612.86,398.36,1914.56,1700.06,1.045,0.928,Critical,High
Z003,Koramangala,19,Evening Peak,1832,596.53,387.74,2083.55,1874.76,1.137,1.023,Critical,Critical
Z003,Koramangala,20,Evening Peak,1832,621.55,404.01,1879.63,1662.09,1.026,0.907,Critical,High
Z003,Koramangala,21,Evening Peak,1832,576.99,375.04,1993.7,1791.75,1.088,0.978,Critical,High
Z003,Koramangala,22,Evening Peak,1832,572.48,372.11,1993.16,1792.79,1.088,0.979,Critical,High
Z003,Koramangala,23,Late Night,1832,328.62,328.62,1369.01,1369.01,0.747,0.747,Low,Low
Z004,Electronic City,0,Night,3166,175.17,175.17,1416.02,1416.02,0.447,0.447,Low,Low
Z004,Electronic City,1,Night,3166,177.51,177.51,1516.17,1516.17,0.479,0.479,Low,Low
Z004,Electronic City,2,Night,3166,198.71,198.71,1634.73,1634.73,0.516,0.516,Low,Low
Z004,Electronic City,3,Night,3166,195.61,195.61,1727.76,1727.76,0.546,0.546,Low,Low
Z004,Electronic City,4,Night,3166,196.86,196.86,1622.28,1622.28,0.512,0.512,Low,Low
Z004,Electronic City,5,Night,3166,194.05,194.05,1540.61,1540.61,0.487,0.487,Low,Low
Z004,Electronic City,6,Morning,3166,468.28,468.28,2370.45,2370.45,0.749,0.749,Low,Low
Z004,Electronic City,7,Morning,3166,474.87,474.87,2322.63,2322.63,0.734,0.734,Low,Low
Z004,Electronic City,8,Morning,3166,478.66,478.66,2342.81,2342.81,0.74,0.74,Low,Low
Z004,Electronic City,9,Morning,3166,474.35,474.35,2228.89,2228.89,0.704,0.704,Low,Low
Z004,Electronic City,10,Day,3166,402.0,402.0,2274.84,2274.84,0.719,0.719,Low,Low
Z004,Electronic City,11,Day,3166,467.03,467.03,2274.83,2274.83,0.719,0.719,Low,Low
Z004,Electronic City,12,Day,3166,377.46,377.46,2195.54,2195.54,0.693,0.693,Low,Low
Z004,Electronic City,13,Day,3166,337.73,337.73,2263.02,2263.02,0.715,0.715,Low,Low
Z004,Electronic City,14,Day,3166,390.96,390.96,2066.89,2066.89,0.653,0.653,Low,Low
Z004,Electronic City,15,Day,3166,328.24,328.24,2282.39,2282.39,0.721,0.721,Low,Low
Z004,Electronic City,16,Day,3166,371.4,371.4,2360.9,2360.9,0.746,0.746,Low,Low
Z004,Electronic City,17,Evening Peak,3166,425.0,425.0,2408.13,2408.13,0.761,0.761,Medium,Medium
Z004,Electronic City,18,Evening Peak,3166,421.03,421.03,2368.11,2368.11,0.748,0.748,Low,Low
Z004,Electronic City,19,Evening Peak,3166,454.31,454.31,2598.01,2598.01,0.821,0.821,Medium,Medium
Z004,Electronic City,20,Evening Peak,3166,443.34,443.34,2486.79,2486.79,0.785,0.785,Medium,Medium
Z004,Electronic City,21,Evening Peak,3166,291.11,291.11,2530.23,2530.23,0.799,0.799,Medium,Medium
Z004,Electronic City,22,Evening Peak,3166,215.89,215.89,2229.53,2229.53,0.704,0.704,Low,Low
Z004,Electronic City,23,Late Night,3166,312.22,312.22,1803.05,1803.05,0.57,0.57,Low,Low
Z005,MG Road,0,Night,2000,129.88,252.89,1234.08,1357.09,0.617,0.679,Low,Low
Z005,MG Road,1,Night,2000,134.27,402.36,1100.42,1368.51,0.55,0.684,Low,Low
Z005,MG Road,2,Night,2000,150.55,150.55,1348.33,1348.33,0.674,0.674,Low,Low
Z005,MG Road,3,Night,2000,141.9,208.72,1327.52,1394.34,0.664,0.697,Low,Low
Z005,MG Road,4,Night,2000,125.79,180.88,1304.67,1359.76,0.652,0.68,Low,Low
Z005,MG Road,5,Night,2000,119.83,252.18,1221.24,1353.59,0.611,0.677,Low,Low
Z005,MG Road,6,Morning,2000,286.11,286.11,1642.34,1642.34,0.821,0.821,Medium,Medium
Z005,MG Road,7,Morning,2000,269.25,269.25,1553.7,1553.7,0.777,0.777,Medium,Medium
Z005,MG Road,8,Morning,2000,271.42,271.42,1583.02,1583.02,0.792,0.792,Medium,Medium
Z005,MG Road,9,Morning,2000,266.9,266.9,1606.28,1606.28,0.803,0.803,Medium,Medium
Z005,MG Road,10,Day,2000,569.98,569.98,1973.55,1973.55,0.987,0.987,High,High
Z005,MG Road,11,Day,2000,542.47,542.47,1999.88,1999.88,1.0,1.0,High,High
Z005,MG Road,12,Day,2000,547.06,547.06,2112.05,2112.05,1.056,1.056,Critical,Critical
Z005,MG Road,13,Day,2000,535.5,535.5,2008.07,2008.07,1.004,1.004,Critical,Critical
Z005,MG Road,14,Day,2000,517.43,517.43,2049.16,2049.16,1.025,1.025,Critical,Critical
Z005,MG Road,15,Day,2000,513.24,513.24,2081.79,2081.79,1.041,1.041,Critical,Critical
Z005,MG Road,16,Day,2000,513.47,513.47,1858.0,1858.0,0.929,0.929,High,High
Z005,MG Road,17,Evening Peak,2000,381.19,247.77,2191.2,2057.78,1.096,1.029,Critical,Critical
Z005,MG Road,18,Evening Peak,2000,378.14,245.79,2148.63,2016.28,1.074,1.008,Critical,Critical
Z005,MG Road,19,Evening Peak,2000,384.77,250.1,2153.57,2018.9,1.077,1.009,Critical,Critical
Z005,MG Road,20,Evening Peak,2000,351.46,228.45,2060.27,1937.26,1.03,0.969,Critical,High
Z005,MG Road,21,Evening Peak,2000,267.29,200.47,1853.56,1786.74,0.927,0.893,High,Medium
Z005,MG Road,22,Evening Peak,2000,220.38,165.29,1892.88,1837.79,0.946,0.919,High,High
Z005,MG Road,23,Late Night,2000,221.65,221.65,1494.29,1494.29,0.747,0.747,Low,Low
Z006,Jayanagar,0,Night,1234,256.11,476.72,889.99,1110.6,0.721,0.9,Low,High
Z006,Jayanagar,1,Night,1234,285.54,604.6,791.54,1110.6,0.641,0.9,Low,High
Z006,Jayanagar,2,Night,1234,276.34,500.51,886.43,1110.6,0.718,0.9,Low,High
Z006,Jayanagar,3,Night,1234,275.37,481.71,904.26,1110.6,0.733,0.9,Low,High
Z006,Jayanagar,4,Night,1234,256.93,518.43,804.84,1066.34,0.652,0.864,Low,Medium
Z006,Jayanagar,5,Night,1234,280.29,595.5,795.39,1110.6,0.645,0.9,Low,High
Z006,Jayanagar,6,Morning,1234,376.36,376.36,1078.77,1078.77,0.874,0.874,Medium,Medium
Z006,Jayanagar,7,Morning,1234,364.52,364.52,1150.74,1150.74,0.933,0.933,High,High
Z006,Jayanagar,8,Morning,1234,382.52,382.52,1083.88,1083.88,0.878,0.878,Medium,Medium
Z006,Jayanagar,9,Morning,1234,338.44,338.44,1126.94,1126.94,0.913,0.913,High,High
Z006,Jayanagar,10,Day,1234,287.98,287.98,1066.76,1066.76,0.864,0.864,Medium,Medium
Z006,Jayanagar,11,Day,1234,280.3,280.3,1066.51,1066.51,0.864,0.864,Medium,Medium
Z006,Jayanagar,12,Day,1234,289.59,289.59,1096.92,1096.92,0.889,0.889,Medium,Medium
Z006,Jayanagar,13,Day,1234,290.16,290.16,1039.41,1039.41,0.842,0.842,Medium,Medium
Z006,Jayanagar,14,Day,1234,297.44,297.44,1098.08,1098.08,0.89,0.89,Medium,Medium
Z006,Jayanagar,15,Day,1234,307.77,307.77,1123.26,1123.26,0.91,0.91,High,High
Z006,Jayanagar,16,Day,1234,336.4,336.4,1034.73,1034.73,0.839,0.839,Medium,Medium
Z006,Jayanagar,17,Evening Peak,1234,691.31,449.35,1585.77,1343.81,1.285,1.089,Critical,Critical
Z006,Jayanagar,18,Evening Peak,1234,702.8,456.82,1503.1,1257.12,1.218,1.019,Critical,Critical
Z006,Jayanagar,19,Evening Peak,1234,728.86,473.76,1642.52,1387.42,1.331,1.124,Critical,Critical
Z006,Jayanagar,20,Evening Peak,1234,699.19,454.47,1594.58,1349.86,1.292,1.094,Critical,Critical
Z006,Jayanagar,21,Evening Peak,1234,800.41,520.27,1604.14,1324.0,1.3,1.073,Critical,Critical
Z006,Jayanagar,22,Evening Peak,1234,797.11,518.12,1629.17,1350.18,1.32,1.094,Critical,Critical
Z006,Jayanagar,23,Late Night,1234,480.2,480.2,1139.77,1139.77,0.924,0.924,High,High
Z007,Hebbal,0,Night,1741,254.13,514.51,1094.29,1354.67,0.629,0.778,Low,Medium
Z007,Hebbal,1,Night,1741,243.5,474.02,978.04,1208.56,0.562,0.694,Low,Low
Z007,Hebbal,2,Night,1741,259.72,518.57,1109.9,1368.75,0.638,0.786,Low,Medium
Z007,Hebbal,3,Night,1741,258.77,501.38,983.4,1226.01,0.565,0.704,Low,Low
Z007,Hebbal,4,Night,1741,240.8,509.97,990.02,1259.19,0.569,0.723,Low,Low
Z007,Hebbal,5,Night,1741,225.64,487.36,1047.38,1309.1,0.602,0.752,Low,Medium
Z007,Hebbal,6,Morning,1741,427.47,427.47,1340.88,1340.88,0.77,0.77,Medium,Medium
Z007,Hebbal,7,Morning,1741,396.52,396.52,1337.76,1337.76,0.768,0.768,Medium,Medium
Z007,Hebbal,8,Morning,1741,416.14,416.14,1529.09,1529.09,0.878,0.878,Medium,Medium
Z007,Hebbal,9,Morning,1741,416.4,416.4,1456.23,1456.23,0.836,0.836,Medium,Medium
Z007,Hebbal,10,Day,1741,492.99,492.99,1651.9,1651.9,0.949,0.949,High,High
Z007,Hebbal,11,Day,1741,508.49,508.49,1615.0,1615.0,0.928,0.928,High,High
Z007,Hebbal,12,Day,1741,542.24,542.24,1531.43,1531.43,0.88,0.88,Medium,Medium
Z007,Hebbal,13,Day,1741,492.86,492.86,1551.36,1551.36,0.891,0.891,Medium,Medium
Z007,Hebbal,14,Day,1741,519.6,519.6,1536.37,1536.37,0.882,0.882,Medium,Medium
Z007,Hebbal,15,Day,1741,526.34,526.34,1613.96,1613.96,0.927,0.927,High,High
Z007,Hebbal,16,Day,1741,519.84,519.84,1564.43,1564.43,0.899,0.899,Medium,Medium
Z007,Hebbal,17,Evening Peak,1741,658.62,428.1,1843.29,1612.77,1.059,0.926,Critical,High
Z007,Hebbal,18,Evening Peak,1741,693.18,450.57,1911.28,1668.67,1.098,0.958,Critical,High
Z007,Hebbal,19,Evening Peak,1741,769.05,499.88,2006.65,1737.48,1.153,0.998,Critical,High
Z007,Hebbal,20,Evening Peak,1741,747.78,486.06,2003.82,1742.1,1.151,1.001,Critical,Critical
Z007,Hebbal,21,Evening Peak,1741,743.93,483.55,1977.99,1717.61,1.136,0.987,Critical,High
Z007,Hebbal,22,Evening Peak,1741,739.57,480.72,1933.52,1674.67,1.111,0.962,Critical,High
Z007,Hebbal,23,Late Night,1741,414.03,414.03,1353.5,1353.5,0.777,0.777,Medium,Medium
Z008,Yelahanka,0,Night,1104,267.88,480.84,780.64,993.6,0.707,0.9,Low,High
Z008,Yelahanka,1,Night,1104,247.98,437.72,803.86,993.6,0.728,0.9,Low,High
Z008,Yelahanka,2,Night,1104,262.79,541.8,714.59,993.6,0.647,0.9,Low,High
Z008,Yelahanka,3,Night,1104,255.59,513.44,735.75,993.6,0.666,0.9,Low,High
Z008,Yelahanka,4,Night,1104,254.39,508.91,739.08,993.6,0.669,0.9,Low,High
Z008,Yelahanka,5,Night,1104,243.91,439.1,798.41,993.6,0.723,0.9,Low,High
Z008,Yelahanka,6,Morning,1104,317.6,317.6,916.49,916.49,0.83,0.83,Medium,Medium
Z008,Yelahanka,7,Morning,1104,319.84,319.84,947.47,947.47,0.858,0.858,Medium,Medium
Z008,Yelahanka,8,Morning,1104,321.43,321.43,1004.44,1004.44,0.91,0.91,High,High
Z008,Yelahanka,9,Morning,1104,309.83,309.83,983.77,983.77,0.891,0.891,Medium,Medium
Z008,Yelahanka,10,Day,1104,262.11,262.11,875.57,875.57,0.793,0.793,Medium,Medium
Z008,Yelahanka,11,Day,1104,265.89,265.89,900.16,900.16,0.815,0.815,Medium,Medium
Z008,Yelahanka,12,Day,1104,260.24,260.24,1006.76,1006.76,0.912,0.912,High,High
Z008,Yelahanka,13,Day,1104,260.65,260.65,1007.33,1007.33,0.912,0.912,High,High
Z008,Yelahanka,14,Day,1104,261.33,261.33,926.72,926.72,0.839,0.839,Medium,Medium
Z008,Yelahanka,15,Day,1104,273.09,273.09,944.08,944.08,0.855,0.855,Medium,Medium
Z008,Yelahanka,16,Day,1104,297.45,297.45,934.06,934.06,0.846,0.846,Medium,Medium
Z008,Yelahanka,17,Evening Peak,1104,724.28,470.78,1469.95,1216.45,1.331,1.102,Critical,Critical
Z008,Yelahanka,18,Evening Peak,1104,727.03,472.57,1520.79,1266.33,1.378,1.147,Critical,Critical
Z008,Yelahanka,19,Evening Peak,1104,771.58,501.53,1518.72,1248.67,1.376,1.131,Critical,Critical
Z008,Yelahanka,20,Evening Peak,1104,783.45,509.24,1585.73,1311.52,1.436,1.188,Critical,Critical
Z008,Yelahanka,21,Evening Peak,1104,784.26,509.77,1506.16,1231.67,1.364,1.116,Critical,Critical
Z008,Yelahanka,22,Evening Peak,1104,793.98,731.42,1554.01,1491.45,1.408,1.351,Critical,Critical
Z008,Yelahanka,23,Late Night,1104,448.7,448.7,1037.1,1037.1,0.939,0.939,High,High
Z009,BTM Layout,0,Night,1048,215.87,441.1,670.09,895.32,0.639,0.854,Low,Medium
Z009,BTM Layout,1,Night,1048,209.58,443.06,601.67,835.15,0.574,0.797,Low,Medium
Z009,BTM Layout,2,Night,1048,223.23,459.19,589.59,825.55,0.563,0.788,Low,Medium
Z009,BTM Layout,3,Night,1048,200.54,442.15,624.33,865.94,0.596,0.826,Low,Medium
Z009,BTM Layout,4,Night,1048,195.36,430.04,571.18,805.86,0.545,0.769,Low,Medium
Z009,BTM Layout,5,Night,1048,205.89,446.28,609.73,850.12,0.582,0.811,Low,Medium
Z009,BTM Layout,6,Morning,1048,290.51,290.51,755.41,755.41,0.721,0.721,Low,Low
Z009,BTM Layout,7,Morning,1048,324.5,324.5,857.81,857.81,0.819,0.819,Medium,Medium
Z009,BTM Layout,8,Morning,1048,320.74,320.74,836.98,836.98,0.799,0.799,Medium,Medium
Z009,BTM Layout,9,Morning,1048,316.14,316.14,858.94,858.94,0.82,0.82,Medium,Medium
Z009,BTM Layout,10,Day,1048,252.31,252.31,838.36,838.36,0.8,0.8,Medium,Medium
Z009,BTM Layout,11,Day,1048,267.1,267.1,806.56,806.56,0.77,0.77,Medium,Medium
Z009,BTM Layout,12,Day,1048,269.75,269.75,867.05,867.05,0.827,0.827,Medium,Medium
Z009,BTM Layout,13,Day,1048,263.02,263.02,834.55,834.55,0.796,0.796,Medium,Medium
Z009,BTM Layout,14,Day,1048,253.89,253.89,758.82,758.82,0.724,0.724,Low,Low
Z009,BTM Layout,15,Day,1048,277.09,277.09,821.97,821.97,0.784,0.784,Medium,Medium
Z009,BTM Layout,16,Day,1048,289.18,289.18,887.37,887.37,0.847,0.847,Medium,Medium
Z009,BTM Layout,17,Evening Peak,1048,670.52,435.84,1253.08,1018.4,1.196,0.972,Critical,High
Z009,BTM Layout,18,Evening Peak,1048,674.16,438.2,1348.44,1112.48,1.287,1.062,Critical,Critical
Z009,BTM Layout,19,Evening Peak,1048,667.08,433.6,1281.08,1047.6,1.222,1.0,Critical,High
Z009,BTM Layout,20,Evening Peak,1048,686.83,446.44,1333.87,1093.48,1.273,1.043,Critical,Critical
Z009,BTM Layout,21,Evening Peak,1048,690.32,448.71,1358.13,1116.52,1.296,1.065,Critical,Critical
Z009,BTM Layout,22,Evening Peak,1048,643.51,418.28,1222.16,996.93,1.166,0.951,Critical,High
Z009,BTM Layout,23,Late Night,1048,381.29,381.29,861.07,861.07,0.822,0.822,Medium,Medium
Z010,Rajajinagar,0,Night,2110,220.16,473.1,1344.94,1597.88,0.637,0.757,Low,Medium
Z010,Rajajinagar,1,Night,2110,223.04,223.04,1410.35,1410.35,0.668,0.668,Low,Low
Z010,Rajajinagar,2,Night,2110,226.75,473.03,1401.79,1648.07,0.664,0.781,Low,Medium
Z010,Rajajinagar,3,Night,2110,228.06,488.72,1244.48,1505.14,0.59,0.713,Low,Low
Z010,Rajajinagar,4,Night,2110,227.05,469.7,1236.56,1479.21,0.586,0.701,Low,Low
Z010,Rajajinagar,5,Night,2110,221.88,694.29,1176.97,1649.38,0.558,0.782,Low,Medium
Z010,Rajajinagar,6,Morning,2110,390.38,390.38,1838.83,1838.83,0.871,0.871,Medium,Medium
Z010,Rajajinagar,7,Morning,2110,382.59,382.59,1716.62,1716.62,0.814,0.814,Medium,Medium
Z010,Rajajinagar,8,Morning,2110,404.54,404.54,1907.45,1907.45,0.904,0.904,High,High
Z010,Rajajinagar,9,Morning,2110,411.8,411.8,1741.37,1741.37,0.825,0.825,Medium,Medium
Z010,Rajajinagar,10,Day,2110,470.06,470.06,1797.34,1797.34,0.852,0.852,Medium,Medium
Z010,Rajajinagar,11,Day,2110,478.12,478.12,1824.77,1824.77,0.865,0.865,Medium,Medium
Z010,Rajajinagar,12,Day,2110,508.59,508.59,1979.12,1979.12,0.938,0.938,High,High
Z010,Rajajinagar,13,Day,2110,533.32,533.32,2096.84,2096.84,0.994,0.994,High,High
Z010,Rajajinagar,14,Day,2110,543.36,543.36,1913.65,1913.65,0.907,0.907,High,High
Z010,Rajajinagar,15,Day,2110,553.76,553.76,1935.74,1935.74,0.917,0.917,High,High
Z010,Rajajinagar,16,Day,2110,533.89,533.89,2035.29,2035.29,0.965,0.965,High,High
Z010,Rajajinagar,17,Evening Peak,2110,660.7,429.45,2250.04,2018.79,1.066,0.957,Critical,High
Z010,Rajajinagar,18,Evening Peak,2110,693.29,450.64,2241.41,1998.76,1.062,0.947,Critical,High
Z010,Rajajinagar,19,Evening Peak,2110,744.75,484.09,2409.16,2148.5,1.142,1.018,Critical,Critical
Z010,Rajajinagar,20,Evening Peak,2110,722.69,469.75,2351.84,2098.9,1.115,0.995,Critical,High
Z010,Rajajinagar,21,Evening Peak,2110,703.66,457.38,2400.46,2154.18,1.138,1.021,Critical,Critical
Z010,Rajajinagar,22,Evening Peak,2110,689.03,447.87,2418.2,2177.04,1.146,1.032,Critical,Critical
Z010,Rajajinagar,23,Late Night,2110,397.17,397.17,1493.06,1493.06,0.708,0.708,Low,Low
Z011,Marathahalli,0,Night,2112,186.91,428.47,1129.85,1371.41,0.535,0.649,Low,Low
Z011,Marathahalli,1,Night,2112,176.07,362.31,1231.04,1417.28,0.583,0.671,Low,Low
Z011,Marathahalli,2,Night,2112,183.2,441.94,1059.31,1318.05,0.502,0.624,Low,Low
Z011,Marathahalli,3,Night,2112,190.55,418.78,1134.33,1362.56,0.537,0.645,Low,Low
Z011,Marathahalli,4,Night,2112,197.31,443.73,1039.73,1286.15,0.492,0.609,Low,Low
Z011,Marathahalli,5,Night,2112,188.41,375.52,1177.83,1364.94,0.558,0.646,Low,Low
Z011,Marathahalli,6,Morning,2112,354.63,354.63,1518.45,1518.45,0.719,0.719,Low,Low
Z011,Marathahalli,7,Morning,2112,361.51,361.51,1454.64,1454.64,0.689,0.689,Low,Low
Z011,Marathahalli,8,Morning,2112,352.45,352.45,1544.85,1544.85,0.731,0.731,Low,Low
Z011,Marathahalli,9,Morning,2112,351.68,351.68,1524.82,1524.82,0.722,0.722,Low,Low
Z011,Marathahalli,10,Day,2112,462.79,462.79,1655.73,1655.73,0.784,0.784,Medium,Medium
Z011,Marathahalli,11,Day,2112,500.17,500.17,1748.12,1748.12,0.828,0.828,Medium,Medium
Z011,Marathahalli,12,Day,2112,496.15,496.15,1706.73,1706.73,0.808,0.808,Medium,Medium
Z011,Marathahalli,13,Day,2112,479.99,479.99,1723.16,1723.16,0.816,0.816,Medium,Medium
Z011,Marathahalli,14,Day,2112,443.76,443.76,1583.33,1583.33,0.75,0.75,Medium,Medium
Z011,Marathahalli,15,Day,2112,448.92,448.92,1578.94,1578.94,0.748,0.748,Low,Low
Z011,Marathahalli,16,Day,2112,465.22,465.22,1620.64,1620.64,0.767,0.767,Medium,Medium
Z011,Marathahalli,17,Evening Peak,2112,704.05,457.63,2162.34,1915.92,1.024,0.907,Critical,High
Z011,Marathahalli,18,Evening Peak,2112,744.97,558.73,2061.81,1875.57,0.976,0.888,High,Medium
Z011,Marathahalli,19,Evening Peak,2112,748.45,561.34,2104.88,1917.77,0.997,0.908,High,High
Z011,Marathahalli,20,Evening Peak,2112,739.27,480.53,2118.64,1859.9,1.003,0.881,Critical,Medium
Z011,Marathahalli,21,Evening Peak,2112,690.16,448.6,2157.03,1915.47,1.021,0.907,Critical,High
Z011,Marathahalli,22,Evening Peak,2112,652.09,423.86,2171.52,1943.29,1.028,0.92,Critical,High
Z011,Marathahalli,23,Late Night,2112,329.03,329.03,1381.69,1381.69,0.654,0.654,Low,Low
Z012,Banashankari,0,Night,1075,194.49,425.71,563.38,794.6,0.524,0.739,Low,Low
Z012,Banashankari,1,Night,1075,186.24,420.3,558.12,792.18,0.519,0.737,Low,Low
Z012,Banashankari,2,Night,1075,200.64,436.27,611.67,847.3,0.569,0.788,Low,Medium
Z012,Banashankari,3,Night,1075,227.67,475.26,596.51,844.1,0.555,0.785,Low,Medium
Z012,Banashankari,4,Night,1075,230.81,458.28,579.89,807.36,0.539,0.751,Low,Medium
Z012,Banashankari,5,Night,1075,233.52,476.01,587.45,829.94,0.546,0.772,Low,Medium
Z012,Banashankari,6,Morning,1075,270.74,270.74,710.6,710.6,0.661,0.661,Low,Low
Z012,Banashankari,7,Morning,1075,278.82,278.82,778.72,778.72,0.724,0.724,Low,Low
Z012,Banashankari,8,Morning,1075,301.87,301.87,832.35,832.35,0.774,0.774,Medium,Medium
Z012,Banashankari,9,Morning,1075,270.69,270.69,738.39,738.39,0.687,0.687,Low,Low
Z012,Banashankari,10,Day,1075,263.05,263.05,758.83,758.83,0.706,0.706,Low,Low
Z012,Banashankari,11,Day,1075,266.03,266.03,733.21,733.21,0.682,0.682,Low,Low
Z012,Banashankari,12,Day,1075,252.23,252.23,807.89,807.89,0.752,0.752,Medium,Medium
Z012,Banashankari,13,Day,1075,260.31,260.31,782.85,782.85,0.728,0.728,Low,Low
Z012,Banashankari,14,Day,1075,262.2,262.2,802.54,802.54,0.747,0.747,Low,Low
Z012,Banashankari,15,Day,1075,263.09,263.09,830.08,830.08,0.772,0.772,Medium,Medium
Z012,Banashankari,16,Day,1075,284.47,284.47,751.06,751.06,0.699,0.699,Low,Low
Z012,Banashankari,17,Evening Peak,1075,668.75,434.69,1253.78,1019.72,1.166,0.949,Critical,High
Z012,Banashankari,18,Evening Peak,1075,660.63,429.41,1244.32,1013.1,1.158,0.942,Critical,High
Z012,Banashankari,19,Evening Peak,1075,649.91,422.44,1292.18,1064.71,1.202,0.99,Critical,High
Z012,Banashankari,20,Evening Peak,1075,692.84,450.35,1324.51,1082.02,1.232,1.007,Critical,Critical
Z012,Banashankari,21,Evening Peak,1075,707.4,459.81,1298.83,1051.24,1.208,0.978,Critical,High
Z012,Banashankari,22,Evening Peak,1075,673.22,437.59,1255.26,1019.63,1.168,0.948,Critical,High
Z012,Banashankari,23,Late Night,1075,400.89,400.89,845.34,845.34,0.786,0.786,Medium,Medium
Z013,HSR Layout,0,Night,1731,335.81,633.81,1083.22,1381.22,0.626,0.798,Low,Medium
Z013,HSR Layout,1,Night,1731,281.53,585.77,1183.45,1487.69,0.684,0.859,Low,Medium
Z013,HSR Layout,2,Night,1731,279.62,592.76,1169.39,1482.53,0.676,0.856,Low,Medium
Z013,HSR Layout,3,Night,1731,323.94,631.75,1132.07,1439.88,0.654,0.832,Low,Medium
Z013,HSR Layout,4,Night,1731,300.37,595.71,1112.39,1407.73,0.643,0.813,Low,Medium
Z013,HSR Layout,5,Night,1731,284.61,579.76,1138.15,1433.3,0.658,0.828,Low,Medium
Z013,HSR Layout,6,Morning,1731,367.75,367.75,1523.05,1523.05,0.88,0.88,Medium,Medium
Z013,HSR Layout,7,Morning,1731,374.17,374.17,1405.11,1405.11,0.812,0.812,Medium,Medium
Z013,HSR Layout,8,Morning,1731,382.43,382.43,1365.62,1365.62,0.789,0.789,Medium,Medium
Z013,HSR Layout,9,Morning,1731,359.69,359.69,1519.34,1519.34,0.878,0.878,Medium,Medium
Z013,HSR Layout,10,Day,1731,351.21,351.21,1521.69,1521.69,0.879,0.879,Medium,Medium
Z013,HSR Layout,11,Day,1731,337.28,337.28,1384.91,1384.91,0.8,0.8,Medium,Medium
Z013,HSR Layout,12,Day,1731,330.59,330.59,1437.55,1437.55,0.83,0.83,Medium,Medium
Z013,HSR Layout,13,Day,1731,332.53,332.53,1442.41,1442.41,0.833,0.833,Medium,Medium
Z013,HSR Layout,14,Day,1731,351.07,351.07,1464.07,1464.07,0.846,0.846,Medium,Medium
Z013,HSR Layout,15,Day,1731,364.58,364.58,1432.86,1432.86,0.828,0.828,Medium,Medium
Z013,HSR Layout,16,Day,1731,362.27,362.27,1565.76,1565.76,0.905,0.905,High,High
Z013,HSR Layout,17,Evening Peak,1731,851.44,553.44,2233.47,1935.47,1.29,1.118,Critical,Critical
Z013,HSR Layout,18,Evening Peak,1731,843.84,548.5,2081.38,1786.04,1.202,1.032,Critical,Critical
Z013,HSR Layout,19,Evening Peak,1731,879.47,571.66,2237.61,1929.8,1.293,1.115,Critical,Critical
Z013,HSR Layout,20,Evening Peak,1731,843.28,548.13,2049.81,1754.66,1.184,1.014,Critical,Critical
Z013,HSR Layout,21,Evening Peak,1731,894.68,581.54,2254.19,1941.05,1.302,1.121,Critical,Critical
Z013,HSR Layout,22,Evening Peak,1731,869.27,565.03,2104.93,1800.69,1.216,1.04,Critical,Critical
Z013,HSR Layout,23,Late Night,1731,452.99,452.99,1415.49,1415.49,0.818,0.818,Medium,Medium
Z014,KR Puram,0,Night,2094,184.64,184.64,1192.29,1192.29,0.569,0.569,Low,Low
Z014,KR Puram,1,Night,2094,200.03,534.2,1005.47,1339.64,0.48,0.64,Low,Low
Z014,KR Puram,2,Night,2094,209.23,377.25,1033.68,1201.7,0.494,0.574,Low,Low
Z014,KR Puram,3,Night,2094,215.24,373.86,1055.5,1214.12,0.504,0.58,Low,Low
Z014,KR Puram,4,Night,2094,197.26,353.93,1188.81,1345.48,0.568,0.643,Low,Low
Z014,KR Puram,5,Night,2094,199.34,375.51,1040.36,1216.53,0.497,0.581,Low,Low
Z014,KR Puram,6,Morning,2094,383.02,383.02,1630.7,1630.7,0.779,0.779,Medium,Medium
Z014,KR Puram,7,Morning,2094,370.98,370.98,1517.13,1517.13,0.725,0.725,Low,Low
Z014,KR Puram,8,Morning,2094,371.25,371.25,1521.94,1521.94,0.727,0.727,Low,Low
Z014,KR Puram,9,Morning,2094,377.35,377.35,1429.26,1429.26,0.683,0.683,Low,Low
Z014,KR Puram,10,Day,2094,477.48,477.48,1788.43,1788.43,0.854,0.854,Medium,Medium
Z014,KR Puram,11,Day,2094,480.84,480.84,1612.58,1612.58,0.77,0.77,Medium,Medium
Z014,KR Puram,12,Day,2094,496.16,496.16,1606.56,1606.56,0.767,0.767,Medium,Medium
Z014,KR Puram,13,Day,2094,470.88,470.88,1698.87,1698.87,0.811,0.811,Medium,Medium
Z014,KR Puram,14,Day,2094,459.51,459.51,1669.18,1669.18,0.797,0.797,Medium,Medium
Z014,KR Puram,15,Day,2094,493.16,493.16,1771.68,1771.68,0.846,0.846,Medium,Medium
Z014,KR Puram,16,Day,2094,495.31,495.31,1613.86,1613.86,0.771,0.771,Medium,Medium
Z014,KR Puram,17,Evening Peak,2094,657.52,493.14,1931.67,1767.29,0.922,0.844,High,Medium
Z014,KR Puram,18,Evening Peak,2094,679.16,509.37,2090.96,1921.17,0.999,0.917,High,High
Z014,KR Puram,19,Evening Peak,2094,704.68,528.51,2017.73,1841.56,0.964,0.879,High,Medium
Z014,KR Puram,20,Evening Peak,2094,672.09,504.07,2087.81,1919.79,0.997,0.917,High,High
Z014,KR Puram,21,Evening Peak,2094,634.48,475.86,1964.11,1805.49,0.938,0.862,High,Medium
Z014,KR Puram,22,Evening Peak,2094,626.68,470.01,1919.8,1763.13,0.917,0.842,High,Medium
Z014,KR Puram,23,Late Night,2094,362.18,362.18,1334.52,1334.52,0.637,0.637,Low,Low
Z015,Malleshwaram,0,Night,1616,236.87,492.78,848.41,1104.32,0.525,0.683,Low,Low
Z015,Malleshwaram,1,Night,1616,239.44,495.96,831.52,1088.04,0.515,0.673,Low,Low
Z015,Malleshwaram,2,Night,1616,229.24,488.74,781.8,1041.3,0.484,0.644,Low,Low
Z015,Malleshwaram,3,Night,1616,224.19,404.15,854.16,1034.12,0.529,0.64,Low,Low
Z015,Malleshwaram,4,Night,1616,228.77,409.05,865.88,1046.16,0.536,0.647,Low,Low
Z015,Malleshwaram,5,Night,1616,238.98,493.44,820.56,1075.02,0.508,0.665,Low,Low
Z015,Malleshwaram,6,Morning,1616,307.11,307.11,1106.49,1106.49,0.685,0.685,Low,Low
Z015,Malleshwaram,7,Morning,1616,322.65,322.65,1038.3,1038.3,0.643,0.643,Low,Low
Z015,Malleshwaram,8,Morning,1616,326.45,326.45,1058.37,1058.37,0.655,0.655,Low,Low
Z015,Malleshwaram,9,Morning,1616,299.33,299.33,1052.5,1052.5,0.651,0.651,Low,Low
Z015,Malleshwaram,10,Day,1616,248.4,248.4,1008.18,1008.18,0.624,0.624,Low,Low
Z015,Malleshwaram,11,Day,1616,266.97,266.97,1061.73,1061.73,0.657,0.657,Low,Low
Z015,Malleshwaram,12,Day,1616,253.48,253.48,948.62,948.62,0.587,0.587,Low,Low
Z015,Malleshwaram,13,Day,1616,259.52,259.52,1071.3,1071.3,0.663,0.663,Low,Low
Z015,Malleshwaram,14,Day,1616,250.21,250.21,1045.03,1045.03,0.647,0.647,Low,Low
Z015,Malleshwaram,15,Day,1616,258.43,258.43,971.86,971.86,0.601,0.601,Low,Low
Z015,Malleshwaram,16,Day,1616,266.76,266.76,1098.87,1098.87,0.68,0.68,Low,Low
Z015,Malleshwaram,17,Evening Peak,1616,741.44,481.94,1656.76,1397.26,1.025,0.865,Critical,Medium
Z015,Malleshwaram,18,Evening Peak,1616,719.83,539.87,1566.52,1386.56,0.969,0.858,High,Medium
Z015,Malleshwaram,19,Evening Peak,1616,727.03,472.57,1684.61,1430.15,1.042,0.885,Critical,Medium
Z015,Malleshwaram,20,Evening Peak,1616,721.13,540.85,1532.15,1351.87,0.948,0.837,High,Medium
Z015,Malleshwaram,21,Evening Peak,1616,732.91,476.39,1634.21,1377.69,1.011,0.853,Critical,Medium
Z015,Malleshwaram,22,Evening Peak,1616,731.17,475.26,1669.96,1414.05,1.033,0.875,Critical,Medium
Z015,Malleshwaram,23,Late Night,1616,416.41,416.41,1049.66,1049.66,0.65,0.65,Low,Low
Z016,Sarjapur Road,0,Night,1427,308.76,566.84,852.46,1110.54,0.597,0.778,Low,Medium
Z016,Sarjapur Road,1,Night,1427,313.36,592.28,950.28,1229.2,0.666,0.861,Low,Medium
Z016,Sarjapur Road,2,Night,1427,300.6,577.45,925.28,1202.13,0.648,0.842,Low,Medium
Z016,Sarjapur Road,3,Night,1427,258.16,513.05,834.88,1089.77,0.585,0.764,Low,Medium
Z016,Sarjapur Road,4,Night,1427,248.07,496.83,798.79,1047.55,0.56,0.734,Low,Low
Z016,Sarjapur Road,5,Night,1427,245.14,502.32,814.63,1071.81,0.571,0.751,Low,Medium
Z016,Sarjapur Road,6,Morning,1427,433.14,433.14,1228.34,1228.34,0.861,0.861,Medium,Medium
Z016,Sarjapur Road,7,Morning,1427,463.82,463.82,1177.42,1177.42,0.825,0.825,Medium,Medium
Z016,Sarjapur Road,8,Morning,1427,457.09,457.09,1139.91,1139.91,0.799,0.799,Medium,Medium
Z016,Sarjapur Road,9,Morning,1427,470.61,470.61,1192.6,1192.6,0.836,0.836,Medium,Medium
Z016,Sarjapur Road,10,Day,1427,619.4,619.4,1343.56,1343.56,0.942,0.942,High,High
Z016,Sarjapur Road,11,Day,1427,603.72,603.72,1449.08,1449.08,1.015,1.015,Critical,Critical
Z016,Sarjapur Road,12,Day,1427,623.11,623.11,1344.78,1344.78,0.942,0.942,High,High
Z016,Sarjapur Road,13,Day,1427,599.71,599.71,1437.59,1437.59,1.007,1.007,Critical,Critical
Z016,Sarjapur Road,14,Day,1427,591.98,591.98,1421.72,1421.72,0.996,0.996,High,High
Z016,Sarjapur Road,15,Day,1427,621.89,621.89,1408.01,1408.01,0.987,0.987,High,High
Z016,Sarjapur Road,16,Day,1427,623.13,623.13,1424.89,1424.89,0.999,0.999,High,High
Z016,Sarjapur Road,17,Evening Peak,1427,710.73,461.97,1607.99,1359.23,1.127,0.953,Critical,High
Z016,Sarjapur Road,18,Evening Peak,1427,734.8,477.62,1703.67,1446.49,1.194,1.014,Critical,Critical
Z016,Sarjapur Road,19,Evening Peak,1427,728.25,473.36,1611.25,1356.36,1.129,0.95,Critical,High
Z016,Sarjapur Road,20,Evening Peak,1427,737.37,479.29,1609.25,1351.17,1.128,0.947,Critical,High
Z016,Sarjapur Road,21,Evening Peak,1427,791.01,514.16,1735.69,1458.84,1.216,1.022,Critical,Critical
Z016,Sarjapur Road,22,Evening Peak,1427,796.91,517.99,1730.33,1451.41,1.213,1.017,Critical,Critical
Z016,Sarjapur Road,23,Late Night,1427,428.01,428.01,1115.73,1115.73,0.782,0.782,Medium,Medium
Z017,Peenya,0,Night,3117,148.6,351.51,1695.17,1898.08,0.544,0.609,Low,Low
Z017,Peenya,1,Night,3117,150.16,335.33,1683.52,1868.69,0.54,0.6,Low,Low
Z017,Peenya,2,Night,3117,179.72,179.72,1883.54,1883.54,0.604,0.604,Low,Low
Z017,Peenya,3,Night,3117,181.99,181.99,1985.61,1985.61,0.637,0.637,Low,Low
Z017,Peenya,4,Night,3117,184.83,348.88,1754.86,1918.91,0.563,0.616,Low,Low
Z017,Peenya,5,Night,3117,182.97,182.97,1934.22,1934.22,0.621,0.621,Low,Low
Z017,Peenya,6,Morning,3117,415.57,415.57,2562.25,2562.25,0.822,0.822,Medium,Medium
Z017,Peenya,7,Morning,3117,415.63,415.63,2727.71,2727.71,0.875,0.875,Medium,Medium
Z017,Peenya,8,Morning,3117,421.46,421.46,2600.58,2600.58,0.834,0.834,Medium,Medium
Z017,Peenya,9,Morning,3117,424.19,424.19,2484.85,2484.85,0.797,0.797,Medium,Medium
Z017,Peenya,10,Day,3117,380.1,380.1,2499.74,2499.74,0.802,0.802,Medium,Medium
Z017,Peenya,11,Day,3117,387.74,387.74,2848.08,2848.08,0.914,0.914,High,High
Z017,Peenya,12,Day,3117,338.31,338.31,2481.63,2481.63,0.796,0.796,Medium,Medium
Z017,Peenya,13,Day,3117,337.65,337.65,2599.16,2599.16,0.834,0.834,Medium,Medium
Z017,Peenya,14,Day,3117,328.67,328.67,2812.01,2812.01,0.902,0.902,High,High
Z017,Peenya,15,Day,3117,339.1,339.1,2722.24,2722.24,0.873,0.873,Medium,Medium
Z017,Peenya,16,Day,3117,380.03,380.03,2721.73,2721.73,0.873,0.873,Medium,Medium
Z017,Peenya,17,Evening Peak,3117,386.6,251.29,3141.56,3006.25,1.008,0.964,Critical,High
Z017,Peenya,18,Evening Peak,3117,390.1,292.57,3094.69,2997.16,0.993,0.962,High,High
Z017,Peenya,19,Evening Peak,3117,421.5,316.12,3041.55,2936.17,0.976,0.942,High,High
Z017,Peenya,20,Evening Peak,3117,396.58,297.44,3082.53,2983.39,0.989,0.957,High,High
Z017,Peenya,21,Evening Peak,3117,259.63,194.72,2927.41,2862.5,0.939,0.918,High,High
Z017,Peenya,22,Evening Peak,3117,199.44,149.58,2938.74,2888.88,0.943,0.927,High,High
Z017,Peenya,23,Late Night,3117,310.05,310.05,2116.89,2116.89,0.679,0.679,Low,Low
Z018,Majestic,0,Night,1925,131.8,131.8,893.53,893.53,0.464,0.464,Low,Low
Z018,Majestic,1,Night,1925,130.67,130.67,960.1,960.1,0.499,0.499,Low,Low
Z018,Majestic,2,Night,1925,130.86,130.86,902.21,902.21,0.469,0.469,Low,Low
Z018,Majestic,3,Night,1925,117.98,117.98,992.69,992.69,0.516,0.516,Low,Low
Z018,Majestic,4,Night,1925,122.98,122.98,892.5,892.5,0.464,0.464,Low,Low
Z018,Majestic,5,Night,1925,122.98,122.98,876.41,876.41,0.455,0.455,Low,Low
Z018,Majestic,6,Morning,1925,277.51,277.51,1303.86,1303.86,0.677,0.677,Low,Low
Z018,Majestic,7,Morning,1925,275.91,275.91,1280.91,1280.91,0.665,0.665,Low,Low
Z018,Majestic,8,Morning,1925,271.99,271.99,1415.79,1415.79,0.735,0.735,Low,Low
Z018,Majestic,9,Morning,1925,249.66,249.66,1219.62,1219.62,0.634,0.634,Low,Low
Z018,Majestic,10,Day,1925,537.72,537.72,1566.57,1566.57,0.814,0.814,Medium,Medium
Z018,Majestic,11,Day,1925,493.12,493.12,1677.31,1677.31,0.871,0.871,Medium,Medium
Z018,Majestic,12,Day,1925,508.26,508.26,1519.79,1519.79,0.79,0.79,Medium,Medium
Z018,Majestic,13,Day,1925,492.7,492.7,1705.57,1705.57,0.886,0.886,Medium,Medium
Z018,Majestic,14,Day,1925,521.77,521.77,1561.39,1561.39,0.811,0.811,Medium,Medium
Z018,Majestic,15,Day,1925,498.23,498.23,1609.82,1609.82,0.836,0.836,Medium,Medium
Z018,Majestic,16,Day,1925,498.57,498.57,1588.76,1588.76,0.825,0.825,Medium,Medium
Z018,Majestic,17,Evening Peak,1925,369.85,369.85,1609.97,1609.97,0.836,0.836,Medium,Medium
Z018,Majestic,18,Evening Peak,1925,361.47,361.47,1722.92,1722.92,0.895,0.895,Medium,Medium
Z018,Majestic,19,Evening Peak,1925,357.49,357.49,1617.11,1617.11,0.84,0.84,Medium,Medium
Z018,Majestic,20,Evening Peak,1925,352.92,352.92,1727.87,1727.87,0.898,0.898,Medium,Medium
Z018,Majestic,21,Evening Peak,1925,265.86,265.86,1507.8,1507.8,0.783,0.783,Medium,Medium
Z018,Majestic,22,Evening Peak,1925,222.21,222.21,1493.66,1493.66,0.776,0.776,Medium,Medium
Z018,Majestic,23,Late Night,1925,216.12,216.12,1104.41,1104.41,0.574,0.574,Low,Low
Z019,Bellandur,0,Night,1722,247.82,492.55,912.73,1157.46,0.53,0.672,Low,Low
Z019,Bellandur,1,Night,1722,246.91,494.43,970.36,1217.88,0.564,0.707,Low,Low
Z019,Bellandur,2,Night,1722,242.74,481.48,1039.04,1277.78,0.603,0.742,Low,Low
Z019,Bellandur,3,Night,1722,239.83,456.89,1070.32,1287.38,0.622,0.748,Low,Low
Z019,Bellandur,4,Night,1722,251.6,487.08,908.15,1143.63,0.527,0.664,Low,Low
Z019,Bellandur,5,Night,1722,232.43,475.49,1062.2,1305.26,0.617,0.758,Low,Medium
Z019,Bellandur,6,Morning,1722,395.51,395.51,1248.07,1248.07,0.725,0.725,Low,Low
Z019,Bellandur,7,Morning,1722,397.0,397.0,1247.17,1247.17,0.724,0.724,Low,Low
Z019,Bellandur,8,Morning,1722,362.94,362.94,1306.53,1306.53,0.759,0.759,Medium,Medium
Z019,Bellandur,9,Morning,1722,365.65,365.65,1366.94,1366.94,0.794,0.794,Medium,Medium
Z019,Bellandur,10,Day,1722,542.92,542.92,1511.68,1511.68,0.878,0.878,Medium,Medium
Z019,Bellandur,11,Day,1722,551.24,551.24,1477.76,1477.76,0.858,0.858,Medium,Medium
Z019,Bellandur,12,Day,1722,550.78,550.78,1552.03,1552.03,0.901,0.901,High,High
Z019,Bellandur,13,Day,1722,475.12,475.12,1539.82,1539.82,0.894,0.894,Medium,Medium
Z019,Bellandur,14,Day,1722,471.31,471.31,1540.49,1540.49,0.895,0.895,Medium,Medium
Z019,Bellandur,15,Day,1722,491.22,491.22,1547.04,1547.04,0.898,0.898,Medium,Medium
Z019,Bellandur,16,Day,1722,500.33,500.33,1590.18,1590.18,0.923,0.923,High,High
Z019,Bellandur,17,Evening Peak,1722,672.81,437.33,1790.06,1554.58,1.04,0.903,Critical,High
Z019,Bellandur,18,Evening Peak,1722,699.23,454.5,1900.93,1656.2,1.104,0.962,Critical,High
Z019,Bellandur,19,Evening Peak,1722,707.19,459.67,1811.28,1563.76,1.052,0.908,Critical,High
Z019,Bellandur,20,Evening Peak,1722,682.11,443.37,1829.28,1590.54,1.062,0.924,Critical,High
Z019,Bellandur,21,Evening Peak,1722,694.46,451.4,1770.64,1527.58,1.028,0.887,Critical,Medium
Z019,Bellandur,22,Evening Peak,1722,620.18,403.12,1786.88,1569.82,1.038,0.912,Critical,High
Z019,Bellandur,23,Late Night,1722,344.29,344.29,1167.66,1167.66,0.678,0.678,Low,Low
Z020,Kengeri,0,Night,1625,200.83,436.71,856.2,1092.08,0.527,0.672,Low,Low
Z020,Kengeri,1,Night,1625,204.83,442.34,1004.84,1242.35,0.618,0.765,Low,Medium
Z020,Kengeri,2,Night,1625,201.81,442.25,1006.98,1247.42,0.62,0.768,Low,Medium
Z020,Kengeri,3,Night,1625,203.72,442.88,989.26,1228.42,0.609,0.756,Low,Medium
Z020,Kengeri,4,Night,1625,199.92,439.31,901.53,1140.92,0.555,0.702,Low,Low
Z020,Kengeri,5,Night,1625,220.04,459.22,1028.86,1268.04,0.633,0.78,Low,Medium
Z020,Kengeri,6,Morning,1625,293.83,293.83,1238.4,1238.4,0.762,0.762,Medium,Medium
Z020,Kengeri,7,Morning,1625,300.08,300.08,1118.73,1118.73,0.688,0.688,Low,Low
Z020,Kengeri,8,Morning,1625,303.19,303.19,1135.64,1135.64,0.699,0.699,Low,Low
Z020,Kengeri,9,Morning,1625,293.45,293.45,1133.19,1133.19,0.697,0.697,Low,Low
Z020,Kengeri,10,Day,1625,258.19,258.19,1224.05,1224.05,0.753,0.753,Medium,Medium
Z020,Kengeri,11,Day,1625,276.91,276.91,1146.64,1146.64,0.706,0.706,Low,Low
Z020,Kengeri,12,Day,1625,266.17,266.17,1159.96,1159.96,0.714,0.714,Low,Low
Z020,Kengeri,13,Day,1625,278.71,278.71,1154.38,1154.38,0.71,0.71,Low,Low
Z020,Kengeri,14,Day,1625,288.69,288.69,1304.59,1304.59,0.803,0.803,Medium,Medium
Z020,Kengeri,15,Day,1625,292.48,292.48,1329.99,1329.99,0.818,0.818,Medium,Medium
Z020,Kengeri,16,Day,1625,280.73,280.73,1242.44,1242.44,0.765,0.765,Medium,Medium
Z020,Kengeri,17,Evening Peak,1625,673.94,438.06,1859.82,1623.94,1.145,0.999,Critical,High
Z020,Kengeri,18,Evening Peak,1625,683.97,444.58,1771.61,1532.22,1.09,0.943,Critical,High
Z020,Kengeri,19,Evening Peak,1625,683.31,444.15,1758.58,1519.42,1.082,0.935,Critical,High
Z020,Kengeri,20,Evening Peak,1625,678.6,441.09,1827.89,1590.38,1.125,0.979,Critical,High
Z020,Kengeri,21,Evening Peak,1625,686.97,446.53,1804.31,1563.87,1.11,0.962,Critical,High
Z020,Kengeri,22,Evening Peak,1625,683.37,444.19,1723.25,1484.07,1.06,0.913,Critical,High
Z020,Kengeri,23,Late Night,1625,421.7,421.7,1210.18,1210.18,0.745,0.745,Low,Low
